学号,姓名,班级,分数
202577255,刘雅,25_4,80
202515252,马燕,25_3,70
202517706,姚雅鑫,25_4,85
202503143,郭俊晨,25_8,59
202509680,许敏,25_1,73
202547186,张瑞,25_2,78
202575966,宋娟诚,25_8,76
202540533,袁鑫慧,25_5,80
202559079,邓军佳,25_1,38
202575976,袁佳昊,25_2,79
202559938,沈杰敏,25_7,100
202573019,吕佳,25_8,65
202571331,唐明雅,25_5,73
202592805,李敏,25_3,74
202523784,魏宁昊,25_8,89
202526108,杜燕超,25_6,78
202593672,孙丽辉,25_2,100
202596226,程倩秀,25_4,78
202586512,孙晨,25_6,87
202550964,叶淑嘉,25_2,93
202534523,黄倩,25_2,71
202508826,谢杰斌,25_3,3
202535811,何敏佳,25_8,69
202553798,徐鑫,25_1,94
202563302,吕玲文,25_1,60
202542253,马嘉,25_2,100
202541996,郑勇伟,25_5,45
202581602,朱欣,25_4,77
202527122,任华,25_5,60
202512379,余斌敏,25_8,88
202598111,杜涛丽,25_7,92
202512869,陈明,25_6,85
202572569,程倩雅,25_7,55
202515592,董欣,25_1,92
202596238,郑瑞,25_3,100
202599689,田鑫志,25_5,84
202551755,张斌,25_4,100
202569859,邓晓华,25_1,84
202580070,蒋勇鑫,25_2,100
202535943,郭鑫淑,25_7,81
202544019,邓超,25_7,100
202537961,姚诚昊,25_1,99
202518558,刘曦玲,25_5,68
202592647,刘磊文,25_6,66
202547130,姚豪,25_1,100
202592796,曾鹏,25_7,90
202561096,曾英,25_7,86
202569207,任秀俊,25_8,100
202506732,唐俊磊,25_1,43
202568255,高雅,25_1,77
202524836,林曦,25_6,61
202534789,沈磊,25_3,71
202588416,曾丽曦,25_7,81
202503866,潘晨,25_4,91
202565480,赵宁,25_3,5
202525633,杜晨超,25_2,91
202536752,张华芳,25_1,49
202550057,田晨,25_2,73
202576677,魏秀,25_5,72
202580901,黄勇,25_8,100
202568259,冯英翔,25_7,83
202570651,沈磊佳,25_6,44
202583827,程志,25_4,100
202566126,韩强,25_8,71
202565363,刘晨峰,25_3,63
202501323,赵嘉,25_1,69
202533451,曾宇,25_7,53
202586477,宋曦伟,25_2,100
202526570,吴英志,25_5,66
202521137,肖燕,25_6,71
202593326,杨豪强,25_4,77
202570118,蒋秀燕,25_6,100
202543043,许鑫志,25_1,50
202571386,于佳,25_2,100
202599246,徐斌,25_5,95
202548163,肖娟,25_4,100
202565790,于鑫翔,25_4,81
202539447,叶磊,25_3,71
202547484,唐嘉诗,25_3,100
202564630,黄强欣,25_8,96
202554741,肖琪曦,25_7,62
202504769,程佳磊,25_8,76
202577671,王超晓,25_1,72
202528573,高宁辉,25_3,72
202597159,余倩秀,25_7,72
202535534,宋志,25_1,85
202577968,丁雅峰,25_3,100
202582735,郑昊,25_2,72
202551500,谢豪,25_2,100
202541949,郭欣,25_6,54
202538374,沈昊,25_1,74
202555538,韩鑫翔,25_7,52
202576314,孙洋鑫,25_8,100
202508380,朱峰,25_2,99
202533721,陈磊,25_7,63
202597893,沈秀静,25_8,17
202522449,高磊强,25_1,92
202562918,赵杰,25_7,51
202523346,潘秀诚,25_3,100
202520251,余佳晨,25_4,66
202557866,刘志,25_2,79
202575381,余翔,25_5,93
202572948,许丽,25_4,83
202545420,曾伟,25_3,100
202592517,胡文淑,25_3,76
202589890,郑英辉,25_6,95
202540769,周慧晨,25_1,63
202519488,姚诚琪,25_4,61
202516373,吕嘉,25_5,93
202533387,任曦,25_6,73
202533179,于峰,25_1,74
202529967,吴伟,25_5,77
202516168,冯超,25_5,57
202509892,于燕,25_3,57
202506882,肖峰诗,25_4,85
202532515,郑洁,25_4,100
202591506,马玲,25_5,88
202500447,张晨琪,25_3,74
202562852,林洁,25_6,70
202580693,丁英杰,25_7,72
202514331,姚佳敏,25_6,82
202555994,彭鑫,25_3,100
202506073,李丽,25_1,84
202512729,田欣,25_4,93
202542402,李丽佳,25_5,82
202514678,林佳秀,25_1,99
202515695,赵佳晨,25_3,34
202598310,姚嘉玲,25_6,51
202596849,袁淑,25_6,99
202544385,苏军,25_7,69
202545607,丁豪英,25_7,86
202525532,于曦,25_8,99
202595355,朱文秀,25_3,94
202512256,唐鑫志,25_6,77
202540263,程瑞军,25_4,100
202524215,周昊勇,25_3,93
202556611,罗鹏,25_7,61
202545101,李玲丽,25_6,41
202524017,谢明,25_7,100
202511720,何佳佳,25_1,44
202505020,何晓曦,25_3,95
202531985,杜文,25_6,68
202572096,董晓,25_3,64
202575475,杨晨,25_4,75
202569706,彭伟,25_4,86
202530151,罗丽丽,25_3,86
202567366,徐勇明,25_8,83
202563499,黄倩曦,25_4,92
202564237,邓超强,25_6,100
202590687,田琪磊,25_6,73
202510215,赵诗,25_8,71
202517351,吕翔涛,25_7,90
202563586,李辉,25_3,95
202595439,郑晨军,25_3,92
202562799,周玲,25_2,95
202549818,丁豪志,25_5,100
202549136,杜敏,25_6,95
202519748,张鹏,25_5,71
202540862,赵磊淑,25_8,67
202568018,吕峰强,25_1,91
202591900,丁涛,25_4,83
202595990,郭佳诗,25_5,49
202565803,郑慧峰,25_8,100
202550731,曾磊,25_8,82
202582837,郭磊慧,25_4,59
202575374,程杰,25_6,72
202540579,黄瑞雅,25_8,94
202531957,唐鹏,25_7,100
202574806,肖燕秀,25_5,70
202511872,邓鹏志,25_2,93
202571554,谢磊宁,25_3,46
202536301,何杰,25_3,73
202500491,程磊超,25_7,73
202544329,于磊鹏,25_7,69
202552999,杜翔宁,25_3,65
202559968,曾诚斌,25_2,46
202557972,朱洋,25_1,57
202582432,袁鹏,25_6,59
202512336,叶静,25_3,8
202519217,苏志,25_4,55
202541714,徐磊佳,25_3,57
202532441,董晨娟,25_7,91
202519994,唐晨瑞,25_6,53
202515991,赵秀华,25_4,100
202594010,陈强佳,25_1,92
202580114,杜诗瑞,25_7,60
202585536,肖玲志,25_3,100
202530056,孙强洁,25_8,78
202572456,孙晨辉,25_1,70
202566422,张玲宇,25_1,70
202506185,蒋琪,25_4,91
202523597,郭豪,25_6,78
202521387,程燕豪,25_1,100
202594119,郑强宇,25_5,74
202573586,杜鑫,25_6,68
202510398,赵豪,25_2,48
202523548,宋强,25_3,83
202581755,谢娟敏,25_3,60
202528044,叶秀晨,25_4,6
202506879,吕磊,25_4,100
202521536,唐超强,25_7,50
202500553,胡淑,25_7,45
202507438,蒋静洋,25_8,86
202506187,王翔,25_1,61
202503151,杨芳,25_7,99
202589311,田倩峰,25_6,52
202511758,孙文,25_7,86
202563604,程勇佳,25_3,100
202565255,郭芳洁,25_5,74
202563573,于辉慧,25_8,95
202525935,苏明琪,25_5,64
202511054,陈晨,25_1,91
202582527,任晓丽,25_6,95
202512136,唐强,25_1,52
202599343,梁琪超,25_2,98
202591466,谢鹏,25_8,51
202500810,何磊倩,25_1,65
202578424,徐丽翔,25_4,56
202529042,苏晓,25_6,76
202537645,李勇,25_3,100
202580234,潘涛,25_4,70
202580846,朱佳,25_1,84
202510784,赵佳佳,25_3,72
202561809,胡斌,25_4,55
202587782,王斌晨,25_8,93
202574873,吴瑞雅,25_1,78
202589965,潘斌,25_2,100
202549155,马秀军,25_4,81
202552325,丁强超,25_3,54
202516610,王辉,25_8,100
202517968,曹文,25_7,94
202534820,徐燕,25_1,69
202568916,徐翔,25_3,60
202542173,徐磊,25_1,100
202534710,董勇,25_5,7
202536596,田婷,25_2,65
202533280,朱英晨,25_3,69
202576263,程辉,25_3,80
202562721,邓英昊,25_3,75
202580350,梁斌,25_8,74
202540558,沈慧,25_2,71
202561228,任雅娟,25_2,60
202569255,吴曦,25_5,99
202535114,丁瑞,25_7,70
202584662,赵洋,25_6,68
202533040,杜鹏丽,25_7,55
202511978,潘洁诗,25_1,100
202510037,梁芳丽,25_5,77
202511756,蒋强,25_1,91
202584744,陈军,25_4,77
202516154,姚嘉,25_5,84
202523081,韩磊晨,25_8,77
202580312,许倩伟,25_2,100
202511370,董诚文,25_8,70
202539596,肖豪强,25_3,76
202542262,田曦,25_5,85
202528118,余磊晨,25_4,80
202502371,丁伟秀,25_3,100
202578832,高俊,25_6,75
202516370,田辉晨,25_8,52
202505704,郑晨,25_5,86
202552425,宋明强,25_1,91
202549486,杨婷娟,25_4,100
202544936,邓静,25_4,49
202589866,董超宁,25_4,38
202594044,孙伟,25_5,96
202536167,谢强诗,25_1,69
202500693,叶芳,25_6,79
202579722,冯娟,25_3,79
202545086,吕洁晨,25_6,74
202547627,董宁,25_1,57
202553077,韩宁鑫,25_7,99
202586316,张丽,25_3,61
202563257,胡鑫婷,25_8,60
202531819,林娟鑫,25_5,71
202578579,许文,25_3,70
202590999,赵静昊,25_1,99
202589942,徐佳志,25_3,56
202511269,孙翔,25_1,92
202504496,韩鹏曦,25_4,87
202577588,程磊峰,25_3,98
202531808,宋晨勇,25_6,76
202543120,杨倩晨,25_2,86
202582002,曹志,25_1,98
202538484,郭杰鑫,25_1,81
202580879,吕昊,25_7,68
202556130,吕志芳,25_3,73
202530706,郑磊,25_8,100
202515573,郭琪佳,25_4,100
202559047,曹欣,25_7,100
202519642,许欣俊,25_1,64
202509768,周军文,25_5,33
202547548,程嘉昊,25_8,65
202513354,任文,25_4,90
202558804,徐晓琪,25_8,97
202518074,周明,25_2,100
202551183,刘秀,25_4,100
202588398,吴志,25_8,90
202594094,程超,25_1,100
202545738,谢倩英,25_1,70
202559062,王秀,25_5,100
202514270,沈婷燕,25_8,64
202503023,胡嘉斌,25_1,100
202584127,吴倩,25_2,79
202597625,李志燕,25_1,77
202585723,马斌,25_8,32
202599973,谢磊,25_1,81
202599410,陈晓磊,25_6,80
202512567,许辉超,25_1,84
202537612,王静静,25_6,100
202562260,刘洋,25_7,100
202560064,冯杰雅,25_2,83
202558002,朱昊辉,25_8,100
202545659,吴峰曦,25_6,100
202537165,李诚丽,25_8,100
202582070,许慧洁,25_3,86
202586088,冯丽,25_7,64
202573252,张瑞芳,25_3,75
202540563,赵翔,25_4,74
202561643,沈洁,25_5,58
202524305,罗洋辉,25_3,68
202524447,赵瑞敏,25_3,91
202594237,潘洁,25_8,65
202515053,于丽,25_6,53
202562762,苏洁,25_5,88
202594352,唐翔,25_6,73
202553832,曹晓,25_3,100
202563916,罗宇,25_8,74
202597246,苏丽欣,25_4,86
202562757,袁婷军,25_2,85
202510531,高洋志,25_5,88
202584815,胡鑫宁,25_7,44
202533841,曹鹏晨,25_1,72
202552708,蒋勇佳,25_6,86
202569260,宋佳磊,25_2,38
202539932,韩军,25_3,86
202587979,曹洁,25_2,76
202597967,韩诚,25_5,85
202565657,潘倩,25_6,47
202573185,许峰,25_2,64
202582928,任慧,25_3,5
202544900,孙玲,25_5,74
202588677,赵俊娟,25_1,76
202526798,曹嘉,25_8,100
202506822,刘诚,25_3,78
202513135,徐敏洋,25_1,82
202586285,蒋昊,25_4,76
202507737,于翔,25_4,50
202541447,潘玲,25_4,99
202550487,沈佳明,25_7,96
202539343,郑军欣,25_1,100
202576340,郭淑,25_4,54
202534959,程倩,25_7,77
202505930,丁燕,25_1,95
202566323,孙勇,25_4,66
202574989,郑宁诗,25_1,87
202538315,陈宇,25_6,92
202532168,曾晨晓,25_7,58
202577386,郭志嘉,25_7,92
202573515,肖英诗,25_2,81
202519420,胡琪晓,25_7,100
202581794,田佳娟,25_2,8
202585033,唐辉敏,25_1,72
202584293,丁晨军,25_5,47
202523745,刘磊晓,25_1,71
202584296,曾宇诚,25_3,46
202588220,李洋淑,25_6,57
202510309,李婷琪,25_3,100
202507345,丁昊,25_2,91
202558658,蒋鹏倩,25_2,69
202566447,朱勇,25_8,59
202566783,杨佳,25_4,65
202521505,冯明强,25_2,92
202576983,沈丽英,25_2,72
202583549,叶昊强,25_5,73
202553685,唐豪,25_6,67
202537383,郑斌晨,25_5,89
202556173,高勇婷,25_5,100
202558533,任鑫雅,25_4,96
202548699,谢俊翔,25_8,97
202551120,吴洋瑞,25_1,38
202582817,何丽敏,25_8,5
202526606,魏曦华,25_6,59
202503983,吴慧文,25_8,100
202522484,韩宁,25_7,43
202532029,韩瑞,25_3,92
202531365,任英雅,25_4,91
202516004,刘华,25_6,95
202565188,杨敏斌,25_8,72
202571876,胡磊婷,25_7,72
202552782,曾琪,25_2,88
202542535,吴辉晓,25_3,93
202505473,余芳,25_4,68
202534704,梁倩,25_1,100
202546480,张伟,25_8,40
202581581,冯磊,25_8,100
202591169,袁丽,25_8,67
202588302,沈翔玲,25_5,86
202532263,于敏静,25_6,68
202544726,徐佳宇,25_4,55
202526545,吴瑞,25_3,89
202544120,潘军,25_2,81
202571283,潘鹏,25_7,48
202577327,苏静,25_2,87
202527564,宋诚,25_7,75
202560172,吴宁,25_2,85
202532557,胡瑞,25_3,100
202531817,许文晓,25_4,63
202584437,邓俊淑,25_1,51
202534299,魏翔俊,25_8,72
202546632,徐英,25_2,80
202565025,高辉,25_7,84
202565391,朱文,25_8,63
202583967,蒋鹏,25_5,70
202585336,余倩晓,25_5,91
202575301,姚娟诚,25_2,91
202582031,宋静宁,25_4,90
202580176,高曦,25_7,100
202540630,谢曦诚,25_5,68
202566144,郑宇,25_7,100
202561538,冯敏,25_5,77
202519758,许欣超,25_3,37
202556889,曾敏,25_3,64
202566502,沈倩辉,25_4,100
202522324,谢雅明,25_5,93
202519118,田鑫辉,25_7,73
202573149,徐丽,25_7,99
202598380,彭秀嘉,25_6,95
202559967,沈强文,25_8,60
202573028,沈琪鹏,25_6,100
202514399,丁欣,25_7,66
202554099,于欣,25_8,81
202522746,郑鑫强,25_8,98
202501257,韩晨华,25_1,72
202589404,徐磊强,25_1,87
202559826,袁磊辉,25_3,100
202506059,郭军,25_2,76
202578129,苏秀佳,25_8,82
202541893,董琪,25_3,100
202561634,梁敏,25_3,91
202543183,姚曦志,25_3,48
202569056,王涛,25_1,7
202518501,郭鑫英,25_2,5
202513847,于宁敏,25_4,60
202558649,胡辉,25_3,100
202587450,李曦慧,25_7,100
202504252,宋鑫磊,25_3,99
202518254,冯曦宁,25_8,10
202506770,陈宁强,25_7,100
202539296,冯诗,25_6,84
202528589,彭辉文,25_8,93
202514169,苏伟,25_5,25
202569042,袁曦华,25_4,81
202571352,余文,25_6,71
202523885,曹英,25_1,100
202565140,程志辉,25_3,78
202550488,刘磊,25_2,68
202585272,赵勇嘉,25_1,93
202533580,肖昊玲,25_1,70
202513667,董洁佳,25_1,100
202537519,徐芳雅,25_2,58
202575009,刘诗,25_1,86
202522709,何俊娟,25_8,59
202507589,张辉玲,25_1,84
202505913,罗倩婷,25_2,77
202562015,韩昊,25_6,93
202518025,陈昊昊,25_7,100
202599700,宋晨强,25_7,64
202572386,彭婷翔,25_7,73
202538427,谢明华,25_4,80
202546905,李昊秀,25_6,82
202584813,胡洁瑞,25_1,6
202593195,林敏明,25_1,61
202538442,郑曦磊,25_8,89
202532909,宋超超,25_3,100
202513358,于英淑,25_3,78
202563346,姚华,25_8,100
202550374,宋慧,25_4,100
202532868,韩磊,25_5,100
202590959,姚辉,25_7,100
202531436,梁鑫强,25_5,81
202569613,何欣倩,25_3,62
202593226,程明文,25_2,96
202509897,邓嘉鑫,25_8,77
202568744,冯明倩,25_2,100
202540474,丁晨晨,25_7,52
202537462,周娟敏,25_5,85
202598639,高娟,25_3,51
202552454,丁欣佳,25_6,100
202561417,张辉娟,25_1,100
202592579,罗静佳,25_5,55
202513260,魏英,25_7,67
202561886,胡鑫,25_7,81
202505099,邓文,25_1,77
202511630,黄瑞燕,25_7,75
202545466,郑杰,25_1,100
202570565,黄伟淑,25_6,100
202570908,孙静,25_1,80
202578285,韩曦峰,25_8,81
202510790,蒋瑞,25_1,27
202559874,丁英志,25_1,57
202578375,刘琪,25_1,70
202550517,刘辉文,25_8,79
202580289,吕燕,25_2,83
202595686,冯洁超,25_5,58
202501717,董玲超,25_6,97
202572531,谢瑞,25_7,98
202569841,姚敏,25_5,81
202520692,马瑞明,25_4,91
202579281,许玲琪,25_7,6
202582436,姚晨雅,25_3,84
202528568,蒋辉,25_8,100
202506644,魏欣磊,25_4,79
202531161,林晨,25_6,6
202503357,许磊,25_4,79
202583037,吴昊昊,25_3,58
202586403,许晓豪,25_4,69
202523252,杜鹏宁,25_3,62
202532208,张昊志,25_3,77
202515157,彭斌华,25_7,100
202567337,郭鹏,25_3,53
202503446,刘明宁,25_3,60
202591167,于辉燕,25_7,74
202563497,杜昊,25_6,73
202550467,余军,25_8,100
202535803,沈磊杰,25_3,100
202550135,郭强强,25_6,84
202573862,唐丽明,25_6,64
202508942,曾鑫鑫,25_7,91
202530149,董鹏敏,25_4,80
202597805,蒋丽峰,25_8,73
202566353,黄宇,25_6,100
202510498,丁军,25_7,63
202510300,叶晓,25_6,70
202573730,袁志辉,25_6,77
202567550,王晨斌,25_8,88
202598114,林强斌,25_7,72
202567445,韩洋,25_1,49
202511390,许佳,25_2,100
202554909,彭鹏倩,25_3,87
202553874,杜鹏勇,25_1,80
202540093,韩伟,25_3,38
202596287,任斌,25_5,100
202568090,孙宁华,25_5,72
202513322,孙强明,25_6,100
202519609,罗昊昊,25_7,100
202523100,苏琪嘉,25_4,62
202597891,程佳明,25_7,100
202530120,陈宁秀,25_7,100
202558590,苏志勇,25_8,75
202567898,谢敏,25_6,66
202536693,冯翔嘉,25_8,48
202548974,周琪慧,25_3,65
202583092,叶洁,25_6,91
202595076,姚佳,25_6,58
202542526,郑明婷,25_4,75
202593301,林敏丽,25_8,58
202583892,蒋玲秀,25_2,66
202535756,田晨辉,25_7,100
202594188,李洋鑫,25_3,100
202500559,宋秀瑞,25_3,42
202599606,谢峰,25_5,36
202500167,程秀伟,25_7,39
202511641,邓琪曦,25_1,66
202553525,张婷,25_3,84
202551689,谢昊,25_1,91
202569135,田强鑫,25_1,88
202557514,赵峰洁,25_6,92
202517636,刘晨,25_3,79
202561393,杜丽辉,25_6,59
202510395,肖杰,25_4,54
202582075,梁静,25_2,66
202561254,马峰,25_2,100
202578024,沈豪诚,25_1,81
202597009,余欣,25_7,27
202532946,徐佳宁,25_7,64
202532639,梁超,25_7,59
202573484,肖娟磊,25_8,46
202569464,杨瑞,25_5,64
202577627,魏静,25_2,74
202576953,邓嘉,25_3,80
202540768,许宁淑,25_7,100
202532960,马晨志,25_1,91
202551801,刘晨辉,25_7,47
202586552,韩嘉,25_1,96
202545445,程勇,25_2,98
202540416,高强晓,25_1,90
202591716,袁慧鑫,25_4,4
202588094,刘燕芳,25_2,100
202579389,董诗,25_2,98
202590290,周燕,25_6,71
202515646,朱辉军,25_1,54
202585016,杜晨,25_4,62
202551911,孙秀,25_5,100
202534932,任嘉,25_7,92
202577042,冯佳诗,25_4,97
202521791,蒋丽丽,25_4,64
202548592,叶俊洋,25_6,95
202576635,谢琪豪,25_2,56
202585366,袁慧华,25_2,89
202599796,吴敏静,25_6,85
202513825,吴丽,25_7,73
202538017,宋晓淑,25_3,77
202533550,高诗雅,25_4,84
202554982,黄瑞宇,25_6,76
202539818,李宇,25_5,89
202594762,沈娟,25_6,81
202576690,邓雅,25_2,100
202567944,邓宁,25_5,81
202530763,丁慧强,25_5,100
202575167,董军鑫,25_2,78
202583849,高文,25_2,68
202516883,唐玲,25_8,61
202521652,杜磊,25_7,100
202503690,林英曦,25_3,6
202522249,蒋志,25_5,72
202557956,潘志峰,25_4,61
202593604,李鹏诗,25_1,57
202535113,叶峰,25_6,84
202547408,冯晨俊,25_1,79
202504199,姚诗琪,25_8,72
202563278,潘文诗,25_3,100
202506912,徐曦晨,25_5,92
202582062,唐晓,25_7,48
202591869,吕宁,25_3,100
202512731,李淑洋,25_1,72
202591001,吕诚斌,25_7,100
202516856,刘杰辉,25_4,79
202550448,曾志佳,25_2,82
202545993,彭志,25_1,50
202501026,叶倩,25_5,100
202523318,潘文,25_4,67
202591615,孙琪淑,25_3,100
202561777,周辉,25_5,91
202515780,曾鹏俊,25_2,55
202596638,宋鑫,25_3,91
202540907,郑宁,25_7,100
202584066,余昊,25_5,77
202585480,罗明翔,25_4,60
202511355,于涛,25_3,77
202504228,田伟,25_3,62
202567954,丁磊曦,25_4,9
202571902,王晓勇,25_6,100
202553251,余燕,25_2,72
202578075,谢俊,25_4,100
202543892,余倩峰,25_4,100
202544906,邓鑫,25_1,57
202500266,杨涛,25_2,60
202593319,梁豪俊,25_3,84
202508751,黄静,25_6,83
202595338,杜曦明,25_2,88
202559307,蒋洋佳,25_5,78
202569527,梁昊英,25_1,92
202550222,肖强,25_6,68
202529877,于英,25_2,64
202561036,罗斌,25_1,65
202501542,朱佳辉,25_8,92
202582063,邓嘉磊,25_3,88
202504073,韩佳,25_6,87
202516655,王曦,25_7,100
202527945,张秀洋,25_1,63
202565952,韩雅,25_6,58
202508763,魏志辉,25_1,90
202566657,于斌,25_7,52
202514262,曹雅,25_6,72
202598572,刘鑫鑫,25_5,65
202590216,丁诚,25_8,87
202529123,彭昊豪,25_5,58
202579156,郭豪宁,25_4,46
202586511,潘娟,25_6,93
202542378,刘涛曦,25_5,70
202540672,董超,25_8,100
202591452,郭杰芳,25_5,100
202510129,吕俊倩,25_7,92
202565230,曾伟鹏,25_3,71
202577524,林秀,25_2,69
202510905,余华宁,25_5,76
202539253,袁英倩,25_7,80
202545682,胡志玲,25_6,64
202577008,潘辉伟,25_7,61
202522054,邓欣晨,25_8,96
202583713,何丽,25_8,100
202563875,余华辉,25_1,61
202539475,丁曦倩,25_3,73
202548148,彭敏英,25_3,67
202516773,苏慧,25_4,100
202560413,于秀涛,25_1,96
202588345,冯丽华,25_4,85
202573816,宋鹏宁,25_1,73
202549374,沈晓军,25_3,67
202561008,杜倩,25_4,100
202599308,许鑫明,25_6,100
202530662,高诗杰,25_8,63
202562197,高志芳,25_5,68
202578995,赵伟文,25_2,75
202520263,董鑫静,25_8,89
202564466,孙俊,25_6,100
202549211,罗伟,25_7,67
202539126,马欣勇,25_4,100
202595222,吴曦鑫,25_4,100
202562205,谢翔峰,25_1,95
202585404,李晓翔,25_4,84
202579076,王雅晓,25_1,71
202545605,任辉,25_6,52
202563642,苏辉,25_8,76
202565003,彭英,25_6,96
202598944,田玲燕,25_1,50
202550936,魏军晓,25_1,94
202565179,丁文,25_4,79
202501801,朱涛晓,25_1,8
202589228,谢诗,25_5,72
202553235,冯鹏,25_5,100
202597970,冯昊志,25_6,59
202580593,徐鑫峰,25_2,5
202553462,程诚,25_3,100
202562997,魏晓婷,25_5,97
202551291,宋晓志,25_4,4
202570048,林娟雅,25_1,57
202517738,田鑫勇,25_2,93
202565368,胡玲昊,25_6,64
202576506,何晨晨,25_3,71
202590226,梁淑秀,25_1,53
202514229,任宁敏,25_2,82
202511160,刘鹏俊,25_2,85
202503335,于倩峰,25_1,80
202505594,杜婷佳,25_4,3
202581645,梁文英,25_5,54
202548857,于雅,25_1,76
202548719,叶玲昊,25_1,94
202508971,陈强勇,25_5,87
202515981,周洋,25_7,100
202515435,孙晓,25_6,90
202527414,唐辉静,25_3,71
202526733,罗佳磊,25_8,100
202523666,黄敏磊,25_3,82
202522197,田嘉敏,25_8,74
202510537,宋洋,25_4,55
202595895,沈诗英,25_3,80
202507914,郭玲,25_3,98
202523995,韩敏,25_2,89
202530232,张宁辉,25_5,74
202504164,何鑫,25_3,80
202598805,谢婷明,25_5,82
202548154,陈昊,25_7,100
202517676,于芳,25_4,100
202599256,林英,25_1,97
202558879,马昊,25_8,100
202534129,王明,25_4,85
202554866,孙强,25_1,79
202551166,肖倩丽,25_5,63
202575762,马军豪,25_2,55
202516182,苏曦宁,25_8,98
202528174,曾琪鹏,25_5,100
202591246,余鑫,25_8,91
202567181,曾诗欣,25_5,77
202547288,袁洁,25_7,84
202523631,杜雅,25_6,75
202572399,肖强娟,25_8,82
202569427,董娟诗,25_7,59
202549850,马英,25_8,71
202523487,梁俊,25_2,87
202543425,何曦丽,25_2,97
202532447,沈秀军,25_8,87
202572557,刘曦,25_6,98
202546069,董涛,25_8,66
202536060,孙鑫强,25_1,86
202552189,肖鑫,25_6,61
202589712,丁丽,25_8,64
202502647,罗豪文,25_5,95
202543173,谢洋,25_4,75
202531782,林军嘉,25_4,100
202517802,蒋佳慧,25_3,70
202559788,沈俊洋,25_3,92
202525994,刘鑫,25_6,99
202540735,吴志燕,25_5,100
202588954,李洋鹏,25_8,98
202509585,彭鹏,25_2,86
202542694,李峰强,25_3,76
202545499,周宇,25_3,67
202532270,高志倩,25_7,66
202515091,董伟辉,25_1,72
202515931,董晨,25_6,90
202575474,杜玲鑫,25_8,83
202532733,董杰,25_5,95
202510049,胡晨昊,25_5,66
202554371,马鑫,25_1,95
202547265,郑淑丽,25_5,83
202505783,马晨,25_2,100
202517474,吴丽超,25_7,70
202587662,彭雅超,25_5,95
202589320,邓曦诚,25_5,62
202518046,马峰明,25_8,70
202545814,袁豪辉,25_2,100
202588332,曾杰华,25_8,78
202565692,王淑,25_1,91
202518404,肖宁,25_1,76
202561344,于诗淑,25_4,88
202532558,宋燕,25_4,100
202588068,谢静涛,25_8,59
202507591,余曦,25_5,95
202588393,许英,25_1,99
202578878,吕明涛,25_1,36
202542224,任丽娟,25_8,59
202522892,蒋军,25_2,100
202582486,任瑞强,25_3,81
202520668,彭玲宁,25_7,64
202563351,杨强,25_3,86
202541730,冯军翔,25_1,5
202515448,曹豪倩,25_3,49
202553450,任磊,25_1,69
202530987,郑峰欣,25_7,81
202531294,沈强丽,25_8,69
202587677,高磊伟,25_8,89
202502617,徐娟,25_6,100
202535646,郭秀,25_2,67
202516220,杨静,25_2,100
202515145,张欣,25_1,82
202556289,田杰华,25_3,99
202541039,于辉,25_1,53
202527176,沈英志,25_1,91
202511108,苏辉婷,25_7,68
202595515,何倩鑫,25_2,77
202534514,吕婷,25_4,96
202524300,罗杰,25_2,95
202551672,曾丽伟,25_5,74
202510827,郭翔,25_1,67
202570921,许杰,25_3,100
202577512,徐晓,25_4,93
202580950,黄洁勇,25_5,51
202584448,韩辉诚,25_1,61
202568797,高诚超,25_8,77
202595525,袁翔,25_2,100
202592677,赵峰玲,25_6,79
202564169,郭涛,25_1,100
202509070,田斌晓,25_3,85
202596640,姚翔,25_2,62
202550943,于鑫,25_8,85
202531482,叶华宁,25_5,79
202504940,邓玲,25_2,65
202521115,王洋,25_8,90
202557017,杜丽诗,25_7,69
202531442,邓强娟,25_4,51
202554934,梁涛曦,25_7,88
202519634,高斌静,25_2,50
202502615,彭涛,25_4,61
202518767,叶磊佳,25_8,64
202502236,沈慧倩,25_6,81
202508982,王英,25_5,91
202594890,周晨伟,25_3,100
202560564,朱涛慧,25_8,88
202586410,高洋倩,25_5,98
202545545,梁慧辉,25_8,80
202541337,陈丽,25_4,81
202576001,郭鑫宁,25_7,69
202552730,周琪婷,25_8,84
202543498,郭磊娟,25_2,83
202582305,朱晓,25_1,55
202504879,梁鑫华,25_2,72
202542782,沈洁豪,25_5,68
202552597,于文鑫,25_1,100
202595469,董琪辉,25_2,93
202545570,曾翔磊,25_7,77
202585950,朱丽勇,25_2,42
202550270,程晓玲,25_5,10
202550227,郑鹏峰,25_7,99
202540361,余瑞,25_4,30
202505151,程佳佳,25_5,81
202566782,田诗,25_5,69
202577990,曹辉,25_5,100
202511739,杨伟强,25_4,92
202505336,徐嘉诗,25_8,67
202537893,潘瑞豪,25_3,99
202501197,田诗鹏,25_6,100
202541867,张佳玲,25_1,71
202571995,王晓宇,25_6,100
202592264,许倩,25_5,85
202594941,郑秀敏,25_7,10
202513507,吴秀燕,25_3,100
202588000,孙洋,25_1,88
202522155,高诗琪,25_6,86
202509562,郭文,25_2,76
202574721,冯燕佳,25_2,99
202561034,吴欣,25_7,35
202540840,叶雅军,25_4,65
202542089,韩杰鑫,25_5,89
202582339,李磊,25_3,66
202595398,任志,25_6,62
202500489,李诗玲,25_8,87
202530159,于瑞志,25_1,41
202596709,周静琪,25_7,92
202510396,林辉勇,25_1,100
202538682,余玲晓,25_8,90
202590632,袁鑫淑,25_4,100
202543409,丁俊丽,25_8,88
202587660,宋勇峰,25_8,62
202590876,宋斌志,25_5,56
202530020,郭倩曦,25_4,78
202595621,徐嘉,25_3,65
202581269,黄宁诚,25_8,80
202511089,孙瑞,25_8,77
202505687,林欣,25_2,85
202586491,郑燕宁,25_1,100
202511072,沈秀,25_1,49
202553764,韩明志,25_1,76
202551155,丁宁宇,25_1,100
202591658,何娟,25_5,86
202549254,丁诗强,25_8,96
202580277,吕瑞,25_6,85
202538611,李鑫翔,25_3,75
202510030,曹峰,25_2,71
202542045,余娟华,25_7,81
202552581,郑鑫,25_4,81
202528625,杜超芳,25_7,82
202565334,李诚,25_2,77
202575425,蒋娟婷,25_4,87
202570849,田文,25_5,100
202560219,袁志丽,25_3,67
202572499,潘辉琪,25_5,49
202575179,谢燕军,25_2,60
202500728,刘瑞娟,25_6,100
202587042,于华,25_8,84
202580026,邓宁诗,25_1,76
202553820,丁曦秀,25_1,86
202552919,宋超芳,25_5,85
202545550,杜欣宁,25_5,75
202506487,罗峰,25_3,56
202514009,苏强,25_4,50
202512054,沈杰,25_7,92
202585363,何佳,25_1,62
202581556,姚欣,25_2,47
202504443,王佳佳,25_6,67
202561573,杜敏淑,25_6,100
202557606,苏宇,25_7,75
202572231,徐强,25_1,71
202596417,何瑞,25_1,57
202566661,胡婷欣,25_8,59
202554328,王涛佳,25_8,52
202509204,王宁静,25_1,86
202527771,潘宁,25_7,100
202567975,何英志,25_5,100
202500318,罗敏,25_4,94
202560600,朱佳峰,25_7,78
202582049,吕志,25_5,58
202573732,徐曦峰,25_8,67
202521469,何志,25_5,84
202524225,朱明,25_8,65
202532504,蒋辉嘉,25_7,81
202578578,唐军诚,25_8,100
202589646,潘英,25_6,99
202523311,程诗,25_2,73
202511295,曹雅英,25_4,64
202512895,余俊,25_3,80
202529950,刘翔涛,25_3,100
202595963,孙磊婷,25_5,100
202560185,黄瑞,25_5,68
202550486,高磊,25_3,77
202555088,王杰娟,25_5,51
202571990,马文,25_2,93
202562668,彭军慧,25_7,87
202587252,曾丽,25_8,90
202595278,沈峰琪,25_2,62
202594451,王华涛,25_2,82
202556039,彭鹏涛,25_3,97
202547981,任宇,25_5,96
202573566,何静,25_2,68
202581039,于芳豪,25_2,100
202506478,宋峰斌,25_8,100
202543622,蒋嘉宁,25_2,99
202597218,张欣志,25_4,87
202505892,林佳,25_5,50
202594470,杜诗,25_3,100
202522650,吕辉,25_5,91
202548336,叶鑫,25_1,82
202517997,董晨诚,25_7,97
202550053,杨敏,25_8,72
202570379,余宁杰,25_7,6
202598625,郭英秀,25_2,74
202586245,赵佳杰,25_3,96
202526734,彭佳晨,25_5,100
202544052,叶涛玲,25_5,72
202583511,周斌华,25_5,100
202545449,孙翔曦,25_6,84
202530530,陈鑫宁,25_4,68
202571445,许燕娟,25_8,89
202513842,高静,25_2,59
202541605,苏军诚,25_8,38
202573846,罗强,25_7,4
202519743,田晨文,25_1,100
202534325,沈诚超,25_1,84
202504905,丁涛雅,25_4,56
202503123,吕佳敏,25_1,100
202595688,潘超,25_3,76
202563140,郑嘉,25_3,99
202520278,肖昊鑫,25_1,67
202578484,何明嘉,25_6,100
202585035,周芳,25_3,93
202533377,陈佳磊,25_8,68
202565060,韩英,25_7,74
202586522,张曦,25_5,96
202525032,梁晨,25_6,81
202517594,陈芳敏,25_8,57
202517026,谢淑,25_6,75
202538839,任涛玲,25_4,93
202551680,任强强,25_2,69
202568379,宋慧芳,25_6,78
202520674,曾涛鹏,25_3,93
202557817,彭豪勇,25_2,83
202599302,周雅,25_6,100
202567630,唐娟明,25_5,92
202576145,杜翔,25_6,34
202538040,丁宁磊,25_6,8
202526915,丁鹏,25_6,65
202534222,黄欣,25_4,78
202531536,周洁,25_8,100
202525702,余涛,25_6,61
202504626,许华勇,25_5,63
202576507,徐军磊,25_8,100
202576184,梁文,25_6,88
202512452,周婷豪,25_4,58
202529752,林磊斌,25_8,47
202574275,杜瑞琪,25_6,76
202558317,谢丽志,25_7,76
202556933,彭昊斌,25_6,83
202589974,宋明斌,25_3,91
202548594,马曦,25_5,78
202510691,谢宇强,25_3,91
202507024,孙辉燕,25_2,50
202589797,韩瑞佳,25_1,65
202545368,沈鹏文,25_8,100
202524354,魏伟,25_2,92
202503227,肖华燕,25_7,99
202599948,胡诚斌,25_7,95
202587022,丁秀,25_4,64
202546975,刘辉,25_5,100
202520799,袁洋雅,25_8,92
202578458,彭雅,25_8,82
202525796,董磊豪,25_3,100
202535461,何磊佳,25_4,9
202506669,肖晨敏,25_4,72
202536599,田晓涛,25_6,100
202505161,徐淑佳,25_5,100
202563704,曾玲,25_7,64
202512652,于宁文,25_5,49
202598411,张峰敏,25_1,79
202521694,曾宁,25_3,67
202585444,郑燕豪,25_7,93
202510138,林强,25_4,88
202517091,赵淑磊,25_4,37
202583741,孙磊,25_3,86
202545772,彭瑞,25_4,51
202513019,陈文斌,25_4,61
202576593,邓辉,25_6,100
202580061,马佳勇,25_2,85
202557006,彭慧磊,25_6,72
202504774,陈俊宇,25_4,78
202513661,谢琪勇,25_3,85
202526576,高芳鑫,25_6,85
202528068,刘嘉英,25_5,6
202567073,谢豪婷,25_7,55
202509371,田志,25_7,100
202592135,冯志,25_4,70
202553610,郑伟辉,25_6,71
202562295,林晨宇,25_1,55
202527627,梁昊涛,25_1,84
202585628,孙辉斌,25_7,40
202576803,马明,25_1,66
202599202,宋倩磊,25_1,52
202551582,刘俊磊,25_7,90
202544775,苏斌宁,25_7,95
202525587,何玲超,25_1,71
202519099,曾婷磊,25_5,60
202553797,肖豪芳,25_8,69
202535075,曹宁,25_1,100
202573655,叶晓涛,25_2,89
202591754,罗洋宁,25_2,65
202536790,刘诗晨,25_3,90
202540564,何雅,25_7,47
202537836,许玲,25_1,8
202557896,郭雅,25_8,74
202573224,韩晨,25_8,100
202545024,黄明燕,25_7,70
202585471,于嘉峰,25_3,100
202520297,程丽娟,25_6,97
202558781,潘超淑,25_7,64
202560700,周曦,25_1,94
202524791,魏志,25_5,57
202598154,杨静诚,25_1,100
202524982,赵静,25_5,100
202562083,彭豪明,25_8,79
202593567,董勇娟,25_1,63
202577590,沈俊,25_1,94
202567950,余宁宁,25_8,60
202559498,任鑫,25_5,80
202551931,唐秀,25_8,100
202555658,韩翔燕,25_8,54
202587916,程佳,25_3,52
202541169,刘丽佳,25_8,61
202517447,姚磊晨,25_5,98
202513045,董玲婷,25_5,69
202520132,郭慧,25_5,100
202550078,周佳,25_6,85
202524469,沈诚,25_4,96
202511048,许丽敏,25_8,91
202539804,吕慧静,25_2,96
202508967,彭辉宁,25_7,75
202537943,王鹏,25_7,81
202537125,姚佳丽,25_4,55
202583762,曾昊晓,25_5,66
202531429,任晓,25_4,45
202543923,马欣,25_7,66
202573757,刘鹏,25_6,65
202532870,何雅宁,25_7,69
202572409,苏豪华,25_7,100
202516972,何翔,25_1,74
202572453,丁慧,25_2,100
202598197,苏晓强,25_7,95
202507647,叶辉,25_1,97
202593681,肖芳,25_1,70
202575602,高杰俊,25_3,73
202551837,许斌超,25_1,100
202518341,袁华丽,25_7,100
202540801,李俊英,25_5,88
202527333,宋欣,25_4,59
202549100,王磊,25_5,59
202519675,徐英嘉,25_4,54
202570714,蒋宇,25_6,82
202530878,冯佳静,25_1,45
202586830,蒋峰,25_3,100
202579745,董曦磊,25_6,100
202532455,袁昊,25_5,76
202545070,董强淑,25_6,73
202525156,袁秀,25_2,71
202542477,朱洋勇,25_8,87
202546793,林宁宇,25_4,100
202512990,林俊淑,25_3,55
202540141,罗翔,25_1,100
202539227,赵军敏,25_7,83
202573503,彭明欣,25_3,77
202536942,高洋,25_2,90
202595081,罗辉伟,25_7,87
202567522,许翔,25_5,52
202574326,高晨佳,25_6,66
202572060,蒋鑫,25_8,91
202511684,李倩,25_6,71
202546483,肖晨,25_5,59
202584410,杨辉志,25_8,87
202551023,邓娟,25_8,57
202504330,沈鑫,25_3,79
202547132,吕翔倩,25_5,100
202587246,苏杰倩,25_5,100
202563310,潘志,25_8,61
202545254,王娟洁,25_1,97
202558931,丁诗,25_6,71
202544533,董嘉,25_5,96
202594503,丁辉,25_6,59
202532123,林昊静,25_3,83
202506713,张俊,25_4,65
202506875,李秀磊,25_7,100
202554080,叶宇,25_6,81
202560917,林丽,25_4,73
202568345,高明丽,25_8,48
202525409,刘佳,25_4,100
202572682,罗婷,25_4,91
202580838,胡昊瑞,25_3,49
202536386,魏明宇,25_4,89
202506533,杨秀,25_2,72
202545606,程磊佳,25_7,85
202584640,吴豪,25_4,100
202542591,马杰,25_8,55
202591717,彭芳,25_3,48
202567341,徐瑞涛,25_4,49
202521542,田瑞辉,25_5,100
202585472,冯斌秀,25_6,4
202553447,曾军娟,25_5,87
202566718,余宁,25_4,57
202560918,魏杰,25_8,100
202599261,叶燕,25_8,83
202542260,叶诚明,25_3,100
202548269,孙强辉,25_3,96
202588084,王慧,25_6,76
202550259,吕军佳,25_6,61
202582467,许婷,25_2,67
202564698,赵佳斌,25_5,7
202570956,袁峰,25_4,81
202579600,潘佳,25_6,95
202550156,唐倩鹏,25_3,85
202507494,谢佳翔,25_2,80
202540145,马军,25_5,86
202517613,赵秀,25_4,76
202588144,郭晨丽,25_2,78
202557679,唐娟,25_1,88
202549870,田雅辉,25_3,100
202563307,冯强,25_3,47
202546967,胡燕,25_7,100
202598014,任欣曦,25_8,62
202574624,韩曦昊,25_2,100
202558336,李超欣,25_6,77
202509240,董文宁,25_2,73
202529788,陈洋明,25_1,80
202550912,胡强,25_4,80
202516262,朱丽,25_8,86
202515713,周晨,25_4,88
202565970,吴文,25_3,62
202545806,马芳静,25_7,79
202536769,李诚宁,25_6,88
202506252,宋磊,25_8,65
202515680,彭淑佳,25_5,84
202573064,林娟,25_5,77
202508744,余敏辉,25_3,89
202589726,郑磊宁,25_4,71
202596668,潘晓鑫,25_3,100
202577831,何秀瑞,25_3,100
202584980,冯晨晨,25_2,79
202512051,谢宁,25_7,34
202599327,朱琪玲,25_2,81
202566659,罗曦诚,25_6,92
202566654,周杰,25_2,69
202511454,蒋诚,25_5,87
202563814,吴玲晨,25_3,100
202549605,梁强,25_5,100
202524971,魏翔静,25_3,93
202544573,林嘉,25_3,63
202522415,冯芳,25_2,10
202514728,杜辉佳,25_1,88
202502778,王华,25_5,80
202505619,李志敏,25_2,100
202515893,郑辉,25_2,36
202569371,张雅佳,25_4,97
202511557,马洁伟,25_8,100
202574175,姚晓娟,25_6,54
202527773,董英,25_6,85
202545403,高宇,25_6,100
202554396,陈娟诚,25_1,78
202506019,于强娟,25_1,64
202593239,郑涛,25_8,88
202545611,程志志,25_4,69
202581890,赵佳文,25_8,100
202518573,曹鑫,25_8,99
202524327,邓峰,25_6,65
202571941,肖辉丽,25_6,72
202561092,杨诚,25_2,96
202551428,吴鑫,25_4,59
202599578,吴洋芳,25_1,9
202534509,冯伟英,25_2,71
202572838,郑曦斌,25_4,81
202593674,郑丽,25_3,88
202578265,杜军辉,25_2,100
202542060,何涛诚,25_4,92
202525847,丁淑晨,25_8,58
202521822,任洁宇,25_3,69
202513321,曹宇,25_8,63
202531978,赵晨,25_3,50
202568460,郭军文,25_7,100
202551432,徐鑫洁,25_3,94
202568606,冯丽强,25_5,92
202592388,魏鑫磊,25_1,78
202520408,黄文,25_4,81
202544183,蒋磊,25_2,64
202570081,肖慧,25_8,99
202528944,任磊英,25_6,74
202578369,谢琪志,25_7,53
202524624,朱超,25_6,10
202592172,于晓文,25_1,100
202562906,刘文诚,25_3,60
202550297,彭琪燕,25_3,87
202512808,何倩,25_6,46
202554326,于强,25_5,62
202509838,蒋嘉,25_1,72
202594112,郑洁雅,25_8,54
202571213,丁丽洋,25_8,90
202505884,余豪诗,25_2,83
202541243,张瑞俊,25_8,66
202584425,陈宁佳,25_2,76
202547944,陈豪,25_6,92
202594217,吴军勇,25_3,88
202550395,郭洋,25_8,100
202508675,苏俊,25_3,3
202544029,马志诗,25_2,91
202574136,郭志,25_3,88
202507728,吴辉诗,25_6,71
202576723,任军英,25_8,62
202532581,杨志,25_6,95
202521261,董洋玲,25_7,88
202579512,余敏,25_7,82
202538917,余峰宇,25_3,70
202540025,黄洁,25_3,86
202575170,姚静鑫,25_1,72
202518609,罗雅,25_5,56
202590617,田佳,25_6,66
202591637,潘娟宁,25_7,88
202578689,田雅强,25_3,48
202526795,姚宁,25_4,86
202576740,林军,25_1,97
202577523,吴宁晓,25_2,85
202531106,蒋强婷,25_3,62
202574131,吕欣宁,25_6,80
202511752,袁峰志,25_4,100
202558627,罗丽洋,25_2,70
202561752,沈伟诗,25_8,100
202577106,丁鑫,25_2,99
202555290,谢军昊,25_1,71
202561196,彭丽燕,25_6,82
202571807,郭瑞燕,25_4,60
202553716,袁诚,25_4,58
202555757,任婷玲,25_6,100
202593213,黄豪洋,25_7,70
202572329,王鑫,25_6,64
202564688,梁琪,25_4,91
202584463,李琪嘉,25_2,71
202539105,魏瑞玲,25_5,89
202559668,韩婷辉,25_7,44
202583121,郑婷,25_8,100
202576070,郑诗燕,25_8,100
202550130,魏伟志,25_8,64
202540180,叶鑫磊,25_6,93
202508320,姚瑞瑞,25_7,83
202565601,郑明,25_1,94
202530390,郭军志,25_5,79
202559207,许明豪,25_2,73
202579776,袁瑞晨,25_6,63
202515973,孙鑫宇,25_3,100
202599218,叶强,25_8,80
202548010,张鹏晨,25_1,66
202585937,郑诗志,25_6,86
202523292,周勇,25_8,59
202574432,吕超翔,25_3,76
202504081,马辉洁,25_4,73
202548125,梁宇翔,25_2,84
202558177,魏慧,25_2,100
202566068,何洁俊,25_8,83
202504777,谢欣英,25_2,44
202504308,孙鑫佳,25_3,85
202597675,余伟,25_4,56
202587871,谢辉淑,25_6,60
202537141,蒋晨,25_7,100
202527320,潘伟晨,25_8,67
202508047,彭杰,25_2,59
202558382,李瑞,25_8,41
202513814,谢宁娟,25_5,100
202576912,田芳,25_6,86
202525948,董鹏,25_8,100
202587444,王秀琪,25_6,97
202592463,唐鑫,25_4,61
202513944,冯诗磊,25_1,83
202593061,沈佳,25_5,45
202593662,肖鹏豪,25_3,85
202534233,唐强倩,25_7,76
202541331,徐伟,25_4,79
202504720,魏华,25_2,81
202531276,杜诗嘉,25_6,100
202514526,朱昊,25_2,81
202567819,吴强斌,25_8,96
202564275,叶秀,25_6,82
202560296,高辉强,25_7,65
202554169,吕峰昊,25_1,100
202577758,唐晓宁,25_8,100
202596607,谢晓,25_1,63
202599043,邓宇,25_3,91
202532045,朱伟昊,25_5,58
202523843,马杰曦,25_3,74
202596821,吴辉,25_8,59
202596373,于强诗,25_3,81
202500499,胡磊倩,25_4,7
202538434,高晨斌,25_8,60
202527443,郭欣琪,25_8,66
202578888,吴静文,25_4,100
202532936,冯辉,25_8,88
202522550,吕峰,25_8,96
202573282,胡斌鑫,25_8,62
202521015,董慧,25_8,72
202515814,彭军涛,25_6,100
202532529,姚芳英,25_2,37
202512868,沈峰昊,25_3,85
202504014,蒋翔燕,25_4,51
202591225,吴芳婷,25_1,58
202554787,杨英昊,25_3,86
202509159,何诗伟,25_2,48
202535504,叶文,25_6,82
202533118,袁倩,25_4,81
202552947,于丽勇,25_2,87
202571676,林燕,25_2,87
202503074,肖佳翔,25_3,54
202592558,唐娟洁,25_4,92
202585890,宋燕超,25_8,96
202504289,程瑞,25_7,77
202522921,何丽佳,25_5,93
202583214,程斌晓,25_5,52
202585629,冯宁,25_2,97
202568720,吕瑞强,25_1,80
202595261,叶玲强,25_3,86
202529368,曹丽敏,25_4,70
202534741,袁宁,25_6,83
202514895,郑燕,25_5,91
202531441,徐俊丽,25_3,76
202541478,肖丽晓,25_1,67
202598583,宋雅峰,25_2,100
202596472,谢丽,25_2,66
202545430,丁娟,25_8,100
202541779,曾燕玲,25_2,58
202547257,周琪芳,25_2,84
202516785,郭洋俊,25_2,59
202502629,姚昊雅,25_7,50
202513920,赵军,25_5,73
202553089,郑峰,25_4,100
202522139,吴明军,25_5,68
202568885,田鹏,25_6,99
202560326,陈欣,25_8,90
202520892,徐文曦,25_8,75
202515122,张磊,25_7,92
202507156,朱强琪,25_6,82
202502733,何强,25_5,99
202512789,田鹏淑,25_4,71
202517489,邓雅昊,25_2,70
202598142,邓晓,25_6,100
202511973,罗昊,25_6,100
202522974,郭强曦,25_4,70
202587027,杜欣,25_4,93
202539796,周豪,25_1,95
202598786,彭鑫峰,25_4,7
202539523,孙军,25_4,100
202581048,陈辉,25_4,92
202546576,韩斌俊,25_3,71
202589000,郑倩,25_8,79
202578596,邓琪宁,25_2,67
202555122,杨鹏豪,25_3,56
202566567,刘涛,25_7,100
202543899,邓志玲,25_2,89
202533296,邓杰琪,25_8,78
202588043,叶婷,25_3,80
202512754,冯玲,25_1,100
202507372,于磊,25_5,71
202587584,张秀,25_4,70
202541037,何鑫洁,25_6,61
202513355,郑洁玲,25_8,81
202599003,梁佳玲,25_5,75
202569691,赵涛,25_7,70
202535083,杜丽,25_7,94
202537085,潘勇,25_5,50
202506810,冯文,25_2,56
202538961,宋志磊,25_1,91
202509890,彭静勇,25_3,50
202547756,周军,25_3,45
202517095,罗豪,25_7,68
202517292,陈婷豪,25_8,78
202590102,于志芳,25_6,86
202526668,韩伟晨,25_1,10
202541450,林丽宇,25_3,72
202546067,冯洁,25_1,3
202502363,唐诚,25_6,74
202560488,潘琪,25_2,94
202566440,高英燕,25_4,100
202505780,任瑞琪,25_7,77
202559447,谢伟涛,25_2,67
202523677,赵洋玲,25_6,47
202532753,林鹏婷,25_3,89
202532366,黄秀,25_5,49
202554115,李鹏峰,25_3,100
202558529,林洁涛,25_8,91
202578857,余伟静,25_4,92
202565532,孙辉,25_7,69
202506015,程昊,25_4,99
202588387,梁辉华,25_4,87
202568202,何华,25_2,96
202525055,蒋佳,25_5,55
202524187,冯淑,25_1,15
202596646,蒋宁,25_3,82
202560590,张芳诗,25_6,100
202584619,蒋丽,25_5,51
202596390,黄晨鹏,25_2,31
202530306,姚磊,25_8,66
202567274,谢欣洁,25_2,71
202548141,何宁,25_6,80
202548794,李辉辉,25_8,100
202560715,叶娟宁,25_7,82
202533006,胡敏宁,25_6,86
202504532,吕嘉佳,25_1,51
202539187,高丽晨,25_5,88
202598746,曹敏晨,25_7,75
202546689,任燕丽,25_3,80
202569161,陈倩,25_5,72
202517780,罗磊,25_7,82
202559359,张晨,25_6,73
202571618,刘志斌,25_2,64
202585452,胡婷晓,25_6,79
202563163,于宇,25_5,85
202560417,肖杰佳,25_2,79
202511583,程丽,25_7,40
202515127,高文杰,25_4,65
202554623,郑英,25_1,78
202564626,于志志,25_1,92
202511503,刘敏鑫,25_8,58
202530941,陈婷,25_3,66
202509644,任鹏,25_1,65
202575158,苏芳,25_6,100
202532695,陈鹏,25_2,79
202524295,郭杰,25_8,64
202507338,林鑫诚,25_8,85
202543121,曾洁鑫,25_1,61
202557466,胡涛,25_5,74
202513193,董玲涛,25_8,81
202567946,胡勇,25_1,59
202527527,陈芳军,25_2,90
202527083,孙文秀,25_2,68
202538953,林雅,25_3,95
202516155,宋瑞宁,25_2,58
202553774,任倩,25_2,87
202583068,陈峰,25_5,70
202583377,叶斌静,25_7,66
202543149,肖玲,25_8,52
202504399,胡娟洁,25_5,100
202593964,宋涛,25_3,83
202581220,苏晨洋,25_8,100
202523611,程斌英,25_4,65
202526077,罗倩,25_1,99
202597113,丁峰,25_6,65
202569648,叶雅,25_6,68
202514125,吕曦,25_6,54
202520414,彭诚,25_5,79
202524474,杨晓华,25_2,68
202571245,叶曦,25_4,57
202514553,杨敏晨,25_1,77
202584107,沈嘉杰,25_5,88
202503413,吴婷,25_2,94
202566703,田婷瑞,25_2,91
202573316,梁宁晓,25_8,88
202573905,袁宇晨,25_3,75
202551832,李洁,25_5,95
202503399,沈曦翔,25_2,88
202554796,肖诗,25_4,78
202539879,苏军丽,25_4,58
202526142,赵伟杰,25_6,68
202569679,曹军佳,25_7,100
202585517,邓燕,25_7,78
202599130,董志鑫,25_6,98
202529996,张翔娟,25_5,72
202543981,余强,25_8,71
202528622,徐婷,25_4,94
202557811,彭磊晨,25_8,100
202503002,杨强志,25_1,74
202550017,胡慧,25_4,62
202567532,谢军峰,25_8,90
202523227,张宇,25_2,64
202552160,潘晨勇,25_8,100
202507083,张慧,25_1,63
202519998,高文嘉,25_6,77
202563266,丁洁超,25_7,82
202519232,吴玲英,25_3,87
202572669,梁辉,25_7,80
202503090,杨鑫,25_3,100
202523528,刘翔豪,25_8,77
202586695,吕琪宁,25_2,51
202532405,梁峰鑫,25_4,53
202566185,郑静,25_5,98
202500215,孙淑,25_6,79
202542832,程文豪,25_2,98
202595889,周秀倩,25_2,85
202548319,蒋翔,25_2,81
202546062,韩鑫,25_2,69
202506328,沈燕伟,25_6,72
202563883,郑英宁,25_4,95
202594865,袁涛,25_3,90
202591136,唐诗斌,25_3,100
202517159,谢雅峰,25_8,88
202591198,赵强洁,25_3,86
202570611,叶淑勇,25_7,44
202516801,于玲磊,25_3,55
202513633,于超,25_3,93
202511889,杨诗,25_7,99
202578106,叶敏,25_4,84
202561100,彭鹏静,25_2,71
202565336,李雅,25_2,100
202590561,许宇,25_3,58
202528131,于杰,25_7,3
202588651,梁婷,25_6,100
202510436,叶玲,25_2,79
202544207,高慧宇,25_1,27
202571630,许鑫磊,25_5,74
202529178,孙宇英,25_8,96
202596235,苏嘉曦,25_2,56
202516264,黄晨芳,25_1,93
202517127,李晨洁,25_1,100
202575067,沈辉,25_7,100
202540455,吕晨燕,25_7,54
202565129,林芳,25_6,8
202576422,叶翔,25_6,70
202580794,姚磊昊,25_8,90
202503630,曹辉斌,25_3,48
202502711,徐华明,25_4,95
202569767,周宁,25_1,100
202501388,韩曦,25_7,76
202583261,马诚,25_6,82
202554507,吴秀伟,25_5,100
202586911,姚勇志,25_7,57
202534867,吴翔,25_8,89
202552110,苏涛,25_8,56
202596395,肖昊,25_8,93
202568532,彭佳,25_7,69
202533152,叶志淑,25_8,92
202584544,董勇欣,25_8,91
202516303,彭燕,25_5,86
202584955,许慧,25_5,76
202548643,田嘉,25_4,70
202552816,袁伟秀,25_5,100
202594413,叶志,25_3,53
202539557,何曦,25_2,100
202550836,余丽文,25_4,50
202564943,陈宁洋,25_1,61
202579124,董鑫,25_1,75
202588969,蒋婷,25_4,42
202578454,丁嘉磊,25_1,90
202587480,杜宇文,25_7,99
202547414,郭辉,25_2,59
202529003,周秀,25_4,54
202559179,吕晨,25_5,100
202592044,谢玲,25_4,100
202536090,沈静,25_6,62
202535686,吕倩,25_1,77
202574924,沈军,25_7,78
202564984,曾欣涛,25_2,90
202542736,徐华涛,25_3,80
202505997,李志,25_6,64
202572996,高鹏,25_1,87
202517744,许峰欣,25_8,94
202567731,肖晓,25_7,98
202567521,李娟,25_6,100
202544410,宋琪,25_6,84
202527330,丁伟,25_3,90
202588786,朱玲军,25_6,86
202599267,陈华勇,25_4,37
202587970,董翔丽,25_2,82
202598893,罗丽,25_4,48
202554985,肖丽,25_6,96
202596912,于慧婷,25_6,86
202549001,马燕明,25_1,71
202584212,赵杰豪,25_5,78
202525825,叶涛,25_5,92
202534855,李英,25_1,100
202591810,周晨曦,25_2,66
202530807,李丽丽,25_4,73
202586228,林琪,25_6,35
202517899,吕丽,25_4,99
202593120,蒋志鑫,25_1,58
202550695,任超,25_8,66
202554116,邓佳,25_7,92
202558744,余曦婷,25_2,43
202504941,田宇涛,25_3,100
202568293,宋宁磊,25_3,74
202592548,马强欣,25_1,57
202574114,于豪明,25_6,77
202523280,唐洋秀,25_8,74
202562489,韩俊辉,25_3,100
202553700,丁静,25_6,50
202596157,徐诗,25_5,97
202589458,曹辉洁,25_6,68
202590461,林洁杰,25_5,77
202564769,陈秀,25_3,64
202522547,沈欣,25_7,100
202552553,肖嘉佳,25_8,82
202512927,张豪宁,25_6,89
202504916,蒋丽辉,25_7,100
202528093,韩昊鹏,25_7,54
202568157,林佳婷,25_2,75
202561483,梁鑫欣,25_8,82
202517599,朱文昊,25_6,65
202523658,肖欣华,25_4,76
202544310,邓伟勇,25_5,100
202595706,谢超,25_2,71
202526655,田辉磊,25_8,73
202503722,田佳伟,25_6,72
202583277,朱斌明,25_1,88
202524232,谢磊佳,25_3,33
202576980,孙诗,25_1,44
202521071,潘芳丽,25_1,80
202535294,姚洁诚,25_7,83
202588093,余杰,25_1,100
202528411,余洋鑫,25_7,75
202547246,谢辉,25_7,67
202561236,袁明欣,25_3,70
202534518,程辉婷,25_8,61
202528999,彭雅翔,25_1,52
202599649,任琪,25_7,64
202533439,黄晓宇,25_7,81
202509792,李嘉昊,25_2,100
202522340,李嘉,25_8,87
202592995,程雅敏,25_5,44
202582509,田琪,25_6,59
202555716,曾洁,25_1,85
202534328,张英玲,25_7,98
202512636,丁英磊,25_2,74
202518413,唐嘉淑,25_6,57
202594746,郭燕欣,25_3,100
202531120,孙超,25_6,88
202514043,丁宇,25_4,78
202534668,田涛,25_5,67
202508385,刘娟,25_8,70
202549088,叶淑文,25_6,91
202538862,曾强佳,25_2,100
202549269,魏昊,25_2,99
202574905,王伟,25_7,73
202528419,魏佳,25_1,81
202543578,邓婷敏,25_7,100
202553242,黄涛,25_5,55
202536270,吕杰,25_7,68
202522608,叶辉晨,25_3,81
202500601,肖磊伟,25_7,94
202560914,陈志,25_2,76
202578464,韩燕洁,25_1,70
202597006,李宁晨,25_3,100
202538886,邓琪鹏,25_8,100
202573105,蒋娟峰,25_3,100
202588130,周强,25_1,77
202548734,唐勇华,25_4,79
202532800,叶涛洁,25_4,88
202599870,郭丽志,25_8,82
202554720,郭敏超,25_8,59
202510446,谢勇丽,25_5,77
202584283,吴军佳,25_6,72
202599402,周娟佳,25_8,62
202529870,黄晓英,25_2,100
202549466,赵雅,25_8,53
202599439,肖志,25_6,79
202556421,余昊明,25_8,100
202505625,郭燕志,25_6,80
202562710,马晨慧,25_3,75
202551727,胡晨淑,25_1,83
202501662,丁明鹏,25_8,61
202550038,董宇琪,25_3,82
202507088,王强,25_5,90
202550029,李峰涛,25_6,95
202590354,程鹏,25_3,100
202506632,宋文涛,25_2,100
202571299,姚文,25_6,66
202517885,韩欣洋,25_6,80
202584531,魏淑,25_5,48
202557719,叶淑秀,25_8,82
202514215,沈强,25_2,85
202508872,宋淑,25_6,76
202542023,李芳,25_3,48
202510871,吕晓伟,25_4,75
202581806,任昊,25_7,80
202557898,杜涛文,25_5,89
202596141,袁玲静,25_4,100
202534334,刘志静,25_3,100
202527748,于静,25_3,79
202579771,王志,25_5,60
202502639,杜英燕,25_2,83
202517378,唐嘉,25_8,80
202529868,杜鑫琪,25_7,85
202532973,任佳嘉,25_1,90
202596013,程华,25_5,41
202566186,杨文杰,25_8,96
202537467,高宇晓,25_5,42
202544818,余晨慧,25_6,67
202512000,曾宁晨,25_6,79
202514412,马晓斌,25_6,100
202582708,丁鑫嘉,25_1,100
202570462,魏嘉,25_8,68
202592002,任丽慧,25_3,96
202574258,许洋晓,25_8,55
202545326,李婷宇,25_6,5
202537463,谢静,25_1,100
202561747,罗晨豪,25_8,97
202597948,梁磊辉,25_3,79
202542517,吴婷秀,25_2,82
202595394,任宁曦,25_8,98
202508033,张宁,25_7,100
202561355,冯嘉宇,25_2,100
202502336,邓秀豪,25_4,96
202514067,董强宁,25_3,100
202523880,李慧燕,25_6,99
202524247,郭志敏,25_2,100
202581848,田明宁,25_3,91
202584914,董娟,25_3,88
202555453,田强,25_4,72
202563184,董宇宇,25_4,71
202547943,苏晨芳,25_6,77
202513597,谢慧,25_4,55
202551171,丁峰婷,25_7,44
202533223,罗燕婷,25_8,89
202547534,张洁芳,25_1,90
202551281,吴宇静,25_7,72
202568393,刘昊,25_6,100
202518521,罗俊,25_6,78
202546154,陈欣强,25_3,84
202565015,吴琪,25_4,75
202576083,叶超丽,25_5,100
202540969,潘峰,25_8,63
202508647,黄磊,25_6,96
202509520,蒋娟,25_7,100
202517814,曾豪,25_6,92
202575527,任洋鹏,25_6,75
202548139,黄晓,25_1,100
202591134,叶斌,25_8,82
202507537,马鑫丽,25_6,100
202555501,孙志丽,25_1,87
202502807,罗宁,25_6,68
202551144,梁淑,25_5,6
202596688,程宁佳,25_1,70
202551128,吴倩芳,25_3,74
202534011,吴勇鑫,25_6,77
202598511,曾淑玲,25_4,86
202523574,余瑞丽,25_8,100
202574156,杨翔洁,25_8,69
202562341,董强辉,25_7,82
202556954,陈勇强,25_2,64
202501086,吕瑞晨,25_7,100
202518773,宋晨,25_1,100
202540022,任辉昊,25_7,76
202530396,曾辉婷,25_7,93
202544885,董曦,25_6,75
202522944,刘欣,25_1,100
202588359,宋英佳,25_7,59
202504702,肖宁涛,25_5,89
202509772,吴志辉,25_4,79
202516629,韩淑,25_2,75
202581446,林伟,25_4,27
202512490,宋晨洋,25_4,8
202537046,丁敏强,25_2,74
202572950,赵华燕,25_6,67
202536915,唐昊倩,25_8,100
202519247,胡宁,25_8,32
202595891,丁倩,25_7,40
202522928,何超,25_3,81
202527934,罗勇文,25_3,70
202550429,唐燕,25_8,91
202546184,韩杰,25_7,98
202580260,姚晨磊,25_6,60
202519721,程雅,25_7,70
202581966,冯鑫,25_2,72
202558083,冯婷,25_7,66
202587337,李华,25_4,74
202582556,刘明,25_7,100
202525091,徐诚军,25_3,100
202515557,余丽辉,25_7,65
202578500,曾峰娟,25_4,54
202509419,唐静,25_8,95
202559140,苏晓倩,25_7,89
202516496,郭鑫晓,25_5,100
202500918,韩杰雅,25_5,52
202561209,郭昊,25_8,83
202552673,沈燕,25_3,100
202508391,林磊,25_2,77
202551286,吕超,25_6,95
202547064,胡佳磊,25_1,57
202585993,潘俊,25_1,58
202512228,朱俊丽,25_1,100
202553409,丁嘉超,25_3,90
202587280,胡杰,25_6,90
202532972,林晨涛,25_3,85
202564598,曾洋,25_8,56
202500647,肖鹏娟,25_5,43
202536556,袁斌丽,25_6,88
202554602,高英,25_8,100
202597236,苏超秀,25_8,100
202503235,周鑫,25_2,57
202563762,苏燕,25_6,68
202541469,宋雅,25_2,73
202531102,潘嘉志,25_7,100
202505680,董芳诚,25_1,66
202524025,吕宇,25_6,66
202525004,董雅诚,25_7,100
202511333,袁嘉峰,25_7,82
202599099,张嘉辉,25_4,78
202529755,谢淑宇,25_1,88
202534707,彭佳军,25_7,53
202598346,马淑,25_7,100
202576811,宋晓,25_5,91
202598255,黄秀佳,25_4,76
202594417,沈豪鹏,25_5,85
202592941,许辉,25_4,60
202554318,赵磊杰,25_2,71
202503411,李芳文,25_4,39
202532834,周宁志,25_6,69
202533168,谢丽晓,25_1,56
202559353,郑斌豪,25_1,72
202524928,许佳宁,25_7,63
202570187,蒋明敏,25_4,84
202514586,曾淑,25_7,75
202513018,邓杰,25_5,87
202520923,彭昊,25_8,100
202549572,周瑞,25_7,79
202570733,陈强瑞,25_4,62
202596707,郑鹏,25_7,73
202545757,苏晨,25_7,100
202530964,朱婷,25_3,72
202509489,孙曦,25_2,70
202597552,肖英强,25_3,99
202575848,孙豪明,25_4,62
202510766,吴昊华,25_7,74
202503882,冯晓嘉,25_5,96
202556742,高宁玲,25_4,88
202537442,郑宁明,25_7,75
202532849,潘豪,25_6,89
202564558,丁英辉,25_6,83
202587228,余鑫诗,25_4,68
202534896,宋军,25_8,85
202581047,余秀,25_1,86
202590230,程丽涛,25_7,75
202552723,杨杰,25_3,77
202562849,田华翔,25_2,91
202542440,苏斌杰,25_6,79
202584096,王芳丽,25_6,63
202505349,董磊燕,25_7,100
202576319,胡晨,25_7,94
202599908,徐晨昊,25_3,69
202509591,肖伟磊,25_1,100
202505077,宋曦瑞,25_7,63
202553457,胡峰玲,25_3,77
202547538,徐峰倩,25_3,78
202550592,孙婷强,25_1,82
202580519,杜明诚,25_6,95
202550081,梁丽志,25_8,92
202508775,许娟峰,25_6,100
202581633,丁磊,25_8,100
202521579,杜鹏,25_1,100
202568079,黄丽军,25_8,100
202568302,董晓辉,25_1,69
202509207,周晓,25_4,81
202552774,张静,25_8,62
202577814,丁鹏斌,25_5,64
202580336,韩斌,25_7,83
202551881,高嘉文,25_2,91
202529153,丁斌,25_2,100
202506994,胡辉瑞,25_2,92
202596589,叶俊昊,25_1,88
202550926,杜俊,25_3,72
202561901,曹淑明,25_6,90
202573037,姚超芳,25_6,99
202593276,杜琪宁,25_6,94
202568484,肖曦,25_3,100
202551361,胡军,25_1,64
202502521,赵晓,25_4,100
202546920,董欣燕,25_7,94
202597402,沈佳倩,25_4,46
202564433,罗志,25_3,84
202578298,曾嘉,25_5,100
202550402,袁娟雅,25_3,98
202559646,余娟,25_8,77
202598685,梁鹏,25_3,83
202541790,徐强强,25_7,76
202502193,刘辉辉,25_7,100
202533640,蒋文,25_8,100
202582974,肖淑宇,25_5,68
202517709,孙宁,25_5,100
202592241,林文,25_5,95
202545671,何洋燕,25_6,74
202530341,许斌昊,25_3,100
202571337,马辉昊,25_7,90
202503178,高佳,25_6,87
202535824,袁琪,25_3,79
202534237,韩志,25_6,81
202594825,冯军明,25_3,48
202516600,赵辉诗,25_7,100
202544886,张诗玲,25_4,100
202528660,陈宁,25_7,69
202507358,吴鑫曦,25_2,94
202519158,彭宁曦,25_8,65
202532940,郑俊,25_5,97
202574712,郑雅洁,25_5,38
202599657,田晨晨,25_1,94
202579334,董玲,25_3,82
202599183,唐诚诗,25_1,100
202539674,吴华琪,25_8,69
202593713,罗玲,25_3,63
202545281,于军,25_4,96
202559622,谢超鑫,25_2,59
202561771,刘强,25_6,100
202551033,余勇,25_4,100
202541667,苏磊,25_6,79
202544426,郑杰丽,25_7,66
202544856,苏婷,25_7,91
202585601,黄英磊,25_2,100
202509267,袁强静,25_4,74
202593533,姚雅涛,25_6,74
202516710,徐强洋,25_1,89
202553087,潘淑,25_3,98
202515823,姚曦婷,25_4,72
202567993,沈晨洁,25_1,94
202582094,彭华伟,25_3,100
202540719,袁明娟,25_5,71
202543494,杨昊,25_3,91
202558808,袁丽洁,25_3,100
202580261,许佳秀,25_7,100
202540389,高峰,25_2,55
202591075,杨琪,25_2,54
202584966,胡华,25_1,85
202534106,田豪,25_8,62
202512285,陈超,25_6,59
202528351,肖敏,25_3,89
202586965,沈丽,25_6,100
202585060,罗豪慧,25_6,80
202544617,林涛,25_2,86
202588780,王燕,25_1,96
202567549,袁杰瑞,25_6,100
202530641,林鑫,25_8,70
202509412,余洁,25_8,86
202579683,赵明,25_5,72
202578103,叶宁,25_7,91
202529188,许涛,25_2,100
202517642,蒋辉秀,25_2,73
202595420,郭静,25_2,82
202528400,吴鹏,25_1,50
202578353,郑玲婷,25_4,79
202537472,彭敏军,25_3,74
202503981,周超,25_3,5
202576778,叶曦倩,25_7,90
202525749,张婷淑,25_7,59
202598889,何英婷,25_2,89
202508313,吕敏静,25_7,86
202581106,李晓鹏,25_3,86
202559815,田辉强,25_8,75
202598354,郭鑫洁,25_2,51
202505235,黄婷翔,25_2,57
202571482,高涛,25_7,34
202519848,潘鹏强,25_2,95
202561191,何秀诚,25_4,91
202561942,彭辉,25_2,96
202502339,谢涛,25_1,87
202589499,姚丽勇,25_4,75
202529092,刘宁涛,25_1,64
202574102,冯晨勇,25_1,64
202565621,罗伟诗,25_7,79
202547370,王琪强,25_5,73
202584900,曾伟芳,25_3,72
202587056,徐辉俊,25_3,93
202533758,魏强,25_3,84
202539553,董斌,25_3,60
202537796,曾峰,25_4,91
202596057,许玲晨,25_8,100
202501796,梁翔,25_5,70
202573537,孙洁芳,25_7,74
202564534,郭豪杰,25_2,100
202565821,袁斌,25_1,100
202543534,肖超,25_2,76
202572867,姚昊晓,25_8,63
202586126,周淑,25_7,58
202508598,苏鑫杰,25_7,52
202560584,宋丽,25_4,72
202539864,董斌鹏,25_7,55
202525649,杜佳瑞,25_7,51
202537129,丁玲,25_6,100
202545810,许杰峰,25_6,83
202544820,罗敏淑,25_2,99
202507466,彭宇宇,25_3,80
202522027,王磊洁,25_2,100
202540487,何志宇,25_2,88
202538865,余伟军,25_8,70
202511038,唐晨,25_3,80
202553755,谢晓俊,25_6,29
202518195,曹宇雅,25_2,100
202574088,杨辉芳,25_4,97
202532188,徐诗瑞,25_4,100
202581399,罗慧,25_2,89
202504084,马芳雅,25_2,99
202557369,吴强鑫,25_7,56
202554139,杨玲,25_2,46
202532803,彭强,25_7,58
202555152,肖晨杰,25_8,96
202564011,余军志,25_7,71
202576007,唐洋鹏,25_3,3
202543946,李鹏欣,25_4,73
202520572,李宁诚,25_7,99
202525853,董强雅,25_8,100
202510296,余芳洋,25_1,89
202525028,周志,25_8,76
202594951,袁鑫,25_7,87
202569358,蒋秀,25_7,52
202592487,罗峰芳,25_2,62
202538835,高磊志,25_8,64
202577231,杨瑞宁,25_7,62
202546730,董倩昊,25_2,89
202579518,许秀晨,25_4,100
202587795,郑玲,25_4,77
202572534,何豪,25_3,65
202564940,王琪,25_4,90
202580790,何诗,25_7,60
202592117,袁瑞宁,25_7,61
202518828,沈鑫欣,25_8,71
202564140,沈诚诗,25_6,68
202574516,郭峰,25_7,93
202532108,马豪,25_4,97
202534070,任瑞,25_2,57
202519678,吴超,25_1,87
202511821,张曦佳,25_7,100
202526111,叶磊宁,25_2,79
202526889,潘昊慧,25_6,86
202542377,任辉丽,25_3,70
202507787,姚强,25_6,48
202592719,姚昊,25_2,70
202545520,梁华翔,25_6,100
202510929,余淑斌,25_4,91
202589306,余文翔,25_5,100
202546832,程志斌,25_1,96
202560238,徐志,25_7,61
202504638,杨丽晓,25_4,96
202566108,丁英,25_5,84
202509563,赵斌,25_2,41
202522011,姚磊慧,25_7,100
202584420,周倩鑫,25_5,88
202509467,肖翔琪,25_2,100
202596223,苏佳,25_7,91
202558993,潘昊,25_2,74
202540658,唐佳,25_6,67
202563224,许芳敏,25_8,84
202580637,王晨晓,25_6,72
202561577,胡晨峰,25_1,98
202523199,何宇,25_2,54
202535166,宋峰,25_1,100
202591448,宋强洋,25_2,65
202508427,郭娟佳,25_8,77
202520136,李静,25_1,49
202542486,罗晨,25_1,100
202567735,李佳洁,25_6,84
202572418,高倩嘉,25_1,82
202559642,袁志强,25_2,53
202512947,冯峰娟,25_7,69
202511227,韩晓,25_3,74
202530977,袁华宁,25_3,100
202579913,许辉丽,25_4,54
202580291,杜嘉丽,25_2,70
202546057,冯勇,25_8,100
202538755,沈鑫鹏,25_3,37
202565147,丁晨,25_5,84
202595698,孙杰,25_3,69
202555010,黄俊,25_8,48
202550505,董辉,25_3,69
202564438,吕强明,25_2,82
202536922,刘佳晨,25_4,78
202574983,赵晨瑞,25_3,87
202508886,吴洁雅,25_5,64
202580475,沈志,25_6,65
202556068,肖慧豪,25_2,92
202527464,唐志,25_7,76
202573117,丁俊,25_4,73
202508256,邓淑,25_8,100
202541690,韩志慧,25_5,100
202566404,林鑫斌,25_7,100
202530876,于文勇,25_8,61
202537731,叶佳,25_3,37
202585067,赵丽,25_7,56
202556476,杜慧,25_7,86
202581090,杨宁娟,25_8,49
202571632,林辉峰,25_2,58
202577810,杨燕,25_5,97
202576982,黄豪,25_4,59
202538866,潘琪强,25_5,45
202546857,彭秀静,25_8,46
202572610,陈宁辉,25_4,88
202517724,罗瑞晓,25_8,71
202592271,姚鹏娟,25_2,78
202584519,陈嘉涛,25_1,75
202522213,潘丽诚,25_3,74
202513643,丁宇磊,25_3,100
202538201,许豪,25_2,74
202596186,董磊,25_4,100
202517279,冯娟晨,25_3,100
202518102,于嘉,25_4,95
202589881,孙诚宁,25_1,46
202519882,余宁琪,25_4,80
202500792,苏敏诚,25_8,66
202593001,刘洋鑫,25_5,90
202582161,高宁,25_8,34
202507653,于芳涛,25_4,86
202547688,姚华文,25_2,65
202503742,肖佳,25_8,100
202508501,张超诚,25_7,96
202539243,杜娟,25_8,89
202559734,董洋军,25_1,85
202597769,何玲豪,25_6,100
202540454,谢洋文,25_3,87
202537990,田玲,25_6,72
202598301,郭峰敏,25_4,100
202513639,杨丽,25_3,74
202551639,曾秀洁,25_3,88
202579467,郭宁,25_8,100
202530684,肖丽峰,25_5,76
202579128,林辉,25_7,88
202592866,吕豪洁,25_4,100
202534186,程佳诗,25_1,82
202547016,魏琪洁,25_7,98
202571123,肖洋,25_4,85
202524653,沈倩,25_7,51
202507627,赵诚,25_6,99
202501989,马娟诚,25_7,61
202511253,唐丽慧,25_5,72
202512275,曾宁诗,25_4,8
202509461,董敏,25_3,100
202547250,田明,25_2,94
202507178,唐鑫淑,25_5,65
202511826,曹俊芳,25_3,57
202585664,冯曦,25_5,75
202577776,冯磊洋,25_3,77
202586944,郑磊豪,25_4,100
202542090,任敏涛,25_7,83
202584758,郑洁强,25_2,79
202586492,宋瑞文,25_5,100
202576494,蒋洋,25_6,76
202595883,赵鑫勇,25_7,82
202580073,许晨,25_2,93
202552343,陈鑫,25_5,100
202565851,吴诚,25_3,76
202560108,赵翔明,25_3,78
202595692,苏佳琪,25_3,83
202529208,郭华,25_6,10
202506012,蒋豪磊,25_5,66
202568203,黄昊,25_1,68
202549803,姚燕,25_6,76
202536065,袁佳超,25_4,100
202592936,唐婷辉,25_3,55
202535858,于鹏,25_3,73
202580880,杨磊敏,25_4,85
202535260,黄诗翔,25_3,64
202531479,陈诗,25_1,100
202517683,蒋明,25_3,79
202525229,冯晨,25_3,38
202547407,李豪磊,25_6,88
202571461,韩超鑫,25_1,46
202540939,郭超雅,25_3,100
202529430,林翔佳,25_6,100
202578679,王洁,25_8,81
202520843,郑慧鹏,25_3,62
202516250,曹淑,25_6,100
202543935,何军,25_6,100
202573888,郭佳,25_2,100
202574031,徐淑,25_6,83
202544338,黄华嘉,25_4,69
202542493,吕杰晓,25_1,54
202527865,何宁超,25_3,80
202500016,吕诗英,25_6,80
202576796,曾晨,25_5,89
202594374,郭诗晓,25_3,46
202558130,吴晨,25_2,51
202561975,吕俊峰,25_6,100
202548290,郑静丽,25_4,92
202581314,高伟超,25_5,99
202528427,邓丽,25_3,95
202575065,赵辉,25_2,71
202596012,程婷燕,25_2,76
202552737,姚强志,25_2,93
202556367,姚静强,25_4,56
202560518,赵勇,25_7,75
202573296,张志曦,25_2,89
202557422,蒋玲涛,25_7,93
202526270,梁晨芳,25_6,99
202520584,董强,25_2,100
202547149,董鑫佳,25_8,100
202545990,宋曦,25_4,100
202551918,蒋佳敏,25_2,48
202509454,丁志磊,25_3,69
202530925,马瑞磊,25_7,92
202543948,程伟,25_6,79
202563059,余欣敏,25_1,100
202538575,孙鑫诚,25_5,85
202506558,苏磊翔,25_7,64
202576161,蒋曦,25_5,85
202554763,吴俊,25_2,62
202587939,袁俊,25_8,92
202529692,朱瑞,25_4,77
202547103,任诚婷,25_1,74
202597886,曹淑晨,25_6,56
202554084,马芳慧,25_3,57
202582476,唐勇,25_4,65
202586577,余慧,25_1,80
202570486,许琪,25_1,88
202565615,唐超,25_8,100
202581893,赵宁辉,25_8,62
202546096,黄豪伟,25_3,69
202582157,谢晨,25_2,66
202528607,徐晨辉,25_5,100
202591797,邓俊秀,25_8,65
202511697,朱芳淑,25_3,100
202503197,赵志明,25_3,69
202537589,孙超峰,25_4,47
202544228,曾倩,25_2,100
202562057,罗辉,25_8,10
202581573,赵曦琪,25_7,85
202565961,任明志,25_6,64
202569240,袁明,25_4,85
202542915,曾芳,25_1,100
202564266,程静磊,25_8,99
202565119,李诗涛,25_7,56
202532970,林华俊,25_1,3
202597689,宋勇洁,25_5,66
202562370,姚鑫,25_1,64
202534107,韩洁伟,25_1,100
202503028,吴超娟,25_6,85
202588300,周文,25_6,56
202514599,王婷,25_1,88
202575172,周豪勇,25_4,34
202547855,李晨涛,25_4,100
202589483,任秀伟,25_1,86
202589751,郭辉晓,25_1,78
202558555,赵洁,25_1,92
202544800,苏明超,25_5,62
202532521,孙晨鹏,25_7,97
202599722,许志淑,25_4,67
202540244,蒋强明,25_5,66
202587019,李明,25_6,81
202566694,赵磊,25_4,74
202589603,于洋佳,25_3,84
202595884,冯晨嘉,25_3,63
202511724,张文明,25_2,89
202541809,董斌瑞,25_8,100
202505025,高志玲,25_5,74
202514893,陈文昊,25_2,83
202595714,何辉,25_1,87
202523332,苏宇军,25_2,77
202533007,于瑞,25_5,80
202510540,刘豪斌,25_5,97
202582171,高淑,25_4,73
202561151,张伟宁,25_4,98
202549040,徐洁涛,25_3,75
202512416,冯嘉,25_3,51
202520426,郑豪燕,25_5,100
202574193,肖琪,25_6,90
202564413,吴淑,25_8,81
202571298,郑伟,25_8,3
202536019,袁明慧,25_1,57
202570800,周诚瑞,25_2,98
202578721,朱雅,25_2,59
202593089,刘宁,25_7,100
202558536,余豪斌,25_3,36
202578828,姚超,25_8,81
202572796,朱辉翔,25_4,91
202576226,冯豪鹏,25_7,94
202585976,苏倩丽,25_5,92
202566442,高晨,25_2,64
202530809,于娟,25_3,100
202583046,于娟婷,25_3,100
202576203,肖瑞,25_8,60
202596847,苏洁磊,25_2,70
202550914,冯明鑫,25_6,45
202534306,曾豪敏,25_5,93
202592619,吴雅,25_5,99
202526419,曹洋佳,25_2,95
202510509,邓晨,25_1,86
202591634,郑鑫欣,25_4,73
202576954,姚佳辉,25_6,44
202532400,袁静,25_8,85
202539910,冯洋佳,25_6,100
202525193,叶欣,25_1,62
202500048,陈晓晨,25_6,74
202585751,程强,25_5,68
202575541,宋嘉辉,25_7,64
202598391,许鑫,25_5,63
202583906,肖雅敏,25_2,97
202571944,周淑明,25_8,89
202596826,曹丽,25_1,77
202564246,梁佳,25_7,62
202574968,杜强,25_5,81
202554949,郭志磊,25_1,70
202577930,叶豪,25_7,50
202550972,曾淑丽,25_2,74
202541044,高勇,25_4,78
202542480,潘佳伟,25_1,64
202574864,姚秀佳,25_5,74
202578225,刘俊,25_3,57
202572974,李志倩,25_3,75
202522997,许晓,25_2,100
202564347,冯昊,25_4,100
202542202,吕宁诗,25_4,100
202530613,周诗,25_2,93
202547949,刘娟鑫,25_6,92
202534295,高伟倩,25_3,69
202535994,胡伟,25_1,73
202566031,彭宁丽,25_4,67
202578182,罗志宇,25_8,85
202558827,李志磊,25_8,72
202516047,丁强,25_5,37
202539003,张淑昊,25_6,93
202577314,田宁,25_6,96
202540824,韩辉雅,25_8,55
202503487,徐英佳,25_1,47
202559544,林志伟,25_5,41
202576948,程晨,25_1,45
202524303,周诚,25_5,60
202589953,于晨,25_2,69
202515693,苏杰宁,25_6,56
202542786,郑欣,25_4,71
202541282,朱佳勇,25_8,59
202547980,沈敏丽,25_3,76
202569863,高秀伟,25_2,74
202515692,孙琪,25_4,75
202513549,邓芳,25_3,99
202520829,罗鑫秀,25_1,78
202567194,徐勇,25_1,62
202585061,许鹏瑞,25_1,79
202546805,黄娟敏,25_6,96
202555656,袁杰丽,25_2,82
202568586,唐丽,25_6,62
202534365,胡玲,25_4,54
202534938,苏燕诚,25_7,79
202563030,余明昊,25_8,96
202502805,吴晨琪,25_7,54
202534904,梁丽,25_6,89
202571984,蒋倩,25_2,56
202588363,宋诚强,25_5,92
202590637,林晓,25_7,63
202522511,程昊鑫,25_3,68
202542605,蒋佳文,25_5,65
202587755,冯佳,25_8,57
202591016,沈静志,25_6,75
202593702,郑华明,25_1,83
202596736,赵雅涛,25_8,100
202512079,吕超昊,25_6,94
202560895,程宁秀,25_3,100
202518249,谢勇,25_5,10
202566775,王俊佳,25_6,69
202595417,冯诚强,25_8,59
202550202,徐文晓,25_2,100
202521793,梁诗强,25_2,46
202583332,丁丽娟,25_6,97
202536397,潘婷,25_6,28
202583471,肖峰,25_2,100
202584268,郭勇豪,25_6,67
202523264,林婷燕,25_3,94
202546161,吕丽鹏,25_3,86
202537700,谢鑫峰,25_8,82
202585175,唐雅,25_5,70
202585515,黄翔,25_6,83
202557318,邓诚,25_6,93
202570023,朱秀,25_7,85
202554989,曾瑞雅,25_4,70
202584676,孙娟,25_1,88
202546472,宋佳峰,25_3,79
202521328,曾鑫,25_4,62
202593011,董俊,25_5,95
202563966,罗志豪,25_5,72
202520508,王晨,25_2,76
202516007,徐洋杰,25_1,87
202500903,吴勇,25_5,46
202555537,梁慧俊,25_1,100
202510841,于俊,25_7,58
202582337,马磊,25_7,100
202551638,杜瑞鹏,25_8,8
202567971,叶诚涛,25_1,100
202569156,杜磊嘉,25_2,95
202579545,赵玲超,25_7,91
202564379,吴涛,25_7,60
202502741,高丽,25_1,20
202501059,曾昊,25_6,72
202549696,蒋倩芳,25_7,95
202582739,马佳,25_2,51
202531643,程鑫,25_2,84
202536666,叶明,25_5,70
202528186,谢辉昊,25_4,87
202505453,周芳诗,25_4,79
202571456,李豪文,25_5,95
202521251,姚晨,25_7,87
202505588,何豪静,25_7,88
202575249,丁晨丽,25_6,75
202562652,潘强丽,25_1,58
202563353,孙瑞斌,25_4,88
202581883,丁燕志,25_8,100
202588950,黄丽,25_7,82
202557026,韩军玲,25_7,96
202500282,余辉,25_6,89
202565683,苏淑,25_3,21
202512730,邓鹏,25_2,78
202550132,董嘉芳,25_7,79
202577634,黄斌芳,25_8,85
202560194,李娟英,25_1,86
202551160,杨昊晨,25_6,100
202564739,叶明丽,25_8,40
202538296,李佳,25_7,92
202527685,郑超俊,25_3,57
202549795,周佳玲,25_2,90
202547829,田勇志,25_1,100
202590830,沈雅强,25_3,30
202527860,魏丽晨,25_7,56
202507154,苏涛佳,25_6,66
202598664,袁燕志,25_2,100
202547396,李鑫琪,25_2,100
202563220,唐佳强,25_5,66
202527883,蒋晨淑,25_2,99
202589931,朱昊丽,25_3,100
202563269,杜芳,25_2,77
202571197,郭英豪,25_4,76
202553076,徐志勇,25_3,70
202556163,王杰,25_8,98
202507789,苏娟明,25_3,89
202505857,周翔芳,25_7,100
202586218,何宁佳,25_7,77
202564257,宋丽晨,25_8,77
202507641,潘伟明,25_7,96
202553532,魏曦,25_8,90
202561565,宋昊,25_3,75
202551969,周斌英,25_3,81
202500066,朱鹏,25_5,100
202530832,李宁勇,25_4,100
202591632,王鑫燕,25_1,78
202560771,唐磊,25_3,82
202576634,吕华,25_1,82
202526808,冯磊琪,25_8,81
202524229,黄嘉,25_5,87
202576004,曾洁俊,25_4,81
202568835,朱斌,25_8,56
202520704,彭宁宁,25_5,68
202534948,罗明晨,25_4,98
202575933,陈超宇,25_5,82
202519975,胡芳曦,25_5,57
202515687,梁诗,25_8,61
202507399,郭宇宁,25_1,81
202511654,程洁,25_3,79
202558394,任诗翔,25_3,74
202579618,沈洁嘉,25_1,67
202537381,姚强鹏,25_8,100
202578414,宋丽淑,25_4,56
202555468,蒋伟琪,25_3,93
202512809,叶俊晨,25_1,73
202525903,吴诗佳,25_1,100
202561056,周晓勇,25_3,98
202514414,李洋豪,25_2,78
202584427,田军,25_6,70
202595748,姚晓,25_4,90
202581654,黄晨磊,25_6,63
202591103,刘峰丽,25_8,73
202535792,彭磊,25_6,100
202505203,马雅,25_3,71
202542855,谢涛磊,25_3,95
202539279,何豪雅,25_7,62
202583396,杨勇,25_1,32
202543955,唐英磊,25_7,68
202576213,曾曦,25_8,67
202510783,潘静,25_2,66
202544801,许芳辉,25_5,73
202572235,程静丽,25_5,83
202581307,李明强,25_6,58
202519992,于明昊,25_6,97
202591441,苏鑫军,25_7,44
202569254,苏佳超,25_6,100
202568099,唐慧杰,25_1,49
202564608,孙慧,25_3,80
202589895,余华明,25_2,71
202558581,苏昊丽,25_6,99
202532928,刘慧嘉,25_6,79
202539237,苏军豪,25_7,91
202523430,杨诗俊,25_3,96
202571621,郭诗,25_8,77
202565956,谢芳曦,25_2,84
202509203,马娟宇,25_2,74
202587040,余静,25_5,77
202515424,张雅欣,25_4,67
202590576,韩曦静,25_5,91
202544807,黄诗,25_8,66
202568820,朱燕,25_2,91
202543528,胡志峰,25_1,49
202516916,唐洋丽,25_5,100
202551614,孙华,25_2,80
202558129,沈涛强,25_3,78
202543606,宋辉,25_5,68
202585403,袁佳,25_5,63
202591530,陈军佳,25_2,91
202506162,赵鹏,25_5,100
202565341,吕鑫英,25_4,66
202540084,宋鑫英,25_4,88
202581134,胡诗,25_1,86
202543641,丁宇峰,25_7,94
202551961,姚宁嘉,25_3,80
202547325,马宇洋,25_8,80
202556679,王杰宁,25_2,43
202555046,刘芳,25_8,79
202510945,吕华辉,25_4,100
202505740,韩辉,25_2,76
202544158,苏秀,25_3,72
202552578,王娟晓,25_5,81
202540030,沈宇,25_6,90
202559422,董斌娟,25_4,60
202581665,孙嘉诚,25_1,82
202572678,于昊,25_3,100
202502168,赵婷鑫,25_5,93
202504880,罗伟翔,25_4,80
202511161,吕鑫,25_4,97
202558456,吴燕,25_4,79
202577417,蒋军静,25_3,47
202518040,高翔涛,25_5,100
202500130,刘强嘉,25_6,90
202560399,余玲丽,25_2,72
202539486,田华宁,25_6,81
202582964,袁杰淑,25_5,75
202535700,杜超,25_6,64
202587453,刘慧,25_2,96
202568461,叶芳明,25_3,75
202575993,胡勇磊,25_5,90
202586350,杜伟,25_8,63
202593496,王辉玲,25_6,89
202502280,魏宁,25_6,90
202577458,曹秀宁,25_5,90
202564862,张洁丽,25_2,64
202581807,苏俊佳,25_5,32
202595710,许志强,25_5,84
202521422,唐强静,25_5,7
202516587,董志,25_4,100
202583145,冯辉超,25_3,94
202540893,曹洋,25_8,100
202595609,李佳辉,25_2,90
202549270,王强昊,25_3,34
202524333,余晨,25_5,75
202537820,谢昊佳,25_6,69
202516143,黄辉,25_4,47
202505309,吴志嘉,25_1,64
202564124,曾磊磊,25_7,83
202566470,沈瑞,25_1,100
202547581,周佳曦,25_8,100
202587454,韩洁,25_5,74
202579883,田辉俊,25_7,85
202576738,曾洋敏,25_2,90
202527011,田鑫,25_3,69
202562209,郑晓,25_5,77
202557413,周敏杰,25_6,100
202598991,林宁晓,25_6,67
202557268,郭强,25_5,86
202573873,林娟辉,25_1,100
202539724,叶诚,25_2,82
202599599,赵佳,25_2,100
202500564,余磊,25_8,100
202545784,黄杰,25_2,92
202556165,林俊琪,25_1,54
202521922,于丽昊,25_1,58
202520779,黄慧,25_8,73
202538411,潘秀,25_1,82
202593237,叶嘉,25_8,100
202548362,袁磊秀,25_3,67
202505981,赵华,25_5,100
202505160,宋静英,25_8,98
202570830,邓曦,25_1,100
202570882,吕峰宁,25_5,69
202594324,徐敏琪,25_1,7
202549755,徐俊,25_5,100
202571035,郭晨,25_7,94
202565973,许芳,25_7,72
202513834,潘玲强,25_2,92
202563881,杜明辉,25_6,74
202520280,周丽勇,25_3,65
202560345,任俊,25_7,97
202592041,赵鹏慧,25_8,87
202560858,宋雅涛,25_4,88
202534806,陈玲,25_5,96
202548294,韩强志,25_8,70
202541763,宋宇,25_5,35
202525330,姚曦斌,25_8,100
202534194,肖强辉,25_1,86
202578597,邓倩杰,25_5,83
202526742,沈敏伟,25_3,90
202553894,余勇伟,25_2,86
202557434,袁静鑫,25_1,82
202551047,曹欣芳,25_2,100
202560641,刘宁宁,25_2,81
202557825,魏辉,25_6,61
202526043,董琪诚,25_4,82
202565159,郭斌,25_7,100
202509740,韩鑫佳,25_8,85
202574731,李倩豪,25_7,100
202573405,袁玲勇,25_7,100
202538292,冯晨强,25_5,24
202520887,曹玲瑞,25_3,57
202560105,罗秀,25_3,100
202561197,许杰华,25_2,100
202556084,张慧强,25_5,94
202540127,冯文宁,25_8,10
202573479,宋佳诚,25_4,64
202594622,杜峰,25_2,77
202597684,刘佳洁,25_8,91
202586592,杜淑明,25_6,92
202573867,赵辉英,25_3,99
202588981,蒋敏诗,25_2,98
202511760,周涛,25_7,96
202592274,刘琪倩,25_5,74
202554853,孙磊慧,25_4,100
202529015,郭婷婷,25_2,94
202544237,叶诚鑫,25_7,62
202510267,曹嘉鑫,25_5,75
202557699,田燕,25_7,65
202599258,许斌,25_1,99
202564592,潘翔,25_7,79
202544126,沈文,25_5,79
202590551,马秀,25_4,72
202525705,田鹏峰,25_3,57
202538906,李敏琪,25_6,59
202538520,杜静,25_4,52
202541685,林秀雅,25_7,44
202501397,李欣,25_3,100
202524148,于晨倩,25_1,80
202577778,林俊,25_8,100
202544789,任宁,25_5,39
202568801,董超鹏,25_1,75
202538805,高洁,25_7,67
202511093,张文,25_4,78
202510855,吕婷琪,25_1,73
202594529,邓军,25_8,98
202533322,许丽晨,25_1,100
202506663,刘宇,25_7,100
202569400,姚涛强,25_8,100
202536508,袁华,25_1,66
202592001,韩勇,25_2,62
202578342,许杰斌,25_5,71
202569791,郭鑫,25_8,89
202588730,唐雅淑,25_6,56
202575653,蒋敏,25_3,47
202552024,叶昊,25_2,53
202579400,郑宇丽,25_1,100
202569011,黄涛玲,25_6,94
202561774,朱斌文,25_7,64
202514104,吴敏,25_5,100
202585120,张鑫,25_1,100
202503167,谢燕,25_2,91
202514688,黄嘉强,25_3,84
202511152,黄志芳,25_7,70
202542927,许志,25_1,94
202585072,吴佳,25_6,72
202529019,刘翔,25_4,100
202597152,邓昊慧,25_4,92
202585378,李瑞玲,25_1,100
202580126,王晨峰,25_5,90
202521743,邓磊,25_1,69
202534813,姚涛英,25_2,72
202561157,丁杰,25_4,79
202501154,徐佳,25_3,71
202501678,潘杰,25_5,80
202512165,李宁伟,25_4,51
202583424,曾斌雅,25_5,69
202526573,蒋勇,25_5,75
202599148,吴伟志,25_7,68
202536520,魏斌鹏,25_8,100
202566800,罗琪,25_1,100
202564209,邓佳军,25_3,65
202510974,袁斌涛,25_1,99
202564243,孙志,25_5,92
202569946,徐峰,25_7,59
202534265,吕明娟,25_7,86
202536259,马琪雅,25_8,98
202518815,邓鑫丽,25_7,75
202510806,高鑫洋,25_7,71
202557123,杜曦杰,25_3,83
202563993,彭俊,25_2,59
202506165,曹静,25_8,44
202504140,邓文伟,25_8,85
202531568,曾娟磊,25_6,52
202533047,罗洁,25_5,76
202537096,张娟华,25_7,77
202503633,谢雅,25_2,100
202511103,高瑞婷,25_3,73
202534895,程佳芳,25_6,9
202514805,宋志志,25_6,67
202549091,陈慧,25_1,64
202550349,周英,25_1,100
202531693,王涛晨,25_6,86
202509819,郭婷,25_2,93
202539496,冯宁斌,25_6,100
202509177,马宁,25_1,94
202512182,于辉英,25_4,76
202592764,唐杰,25_5,79
202530059,叶曦洁,25_4,82
202502705,刘宁嘉,25_1,84
202559023,田辉洋,25_6,85
202581457,吕倩超,25_4,83
202564841,张杰,25_2,57
202545667,董佳,25_3,77
202548388,程倩婷,25_7,54
202590299,韩华佳,25_2,100
202556906,袁辉,25_7,93
202542404,吕琪,25_3,70
202575404,马俊,25_7,81
202548736,黄峰文,25_2,72
202569478,蒋倩诚,25_1,80
202506087,杨燕文,25_1,64
202528377,曹玲晨,25_4,87
202560652,冯辉鹏,25_2,84
202565293,唐欣,25_8,89
202582541,任杰,25_2,9
202520102,马英静,25_5,68
202575979,韩宁斌,25_3,73
202584224,徐涛鑫,25_8,90
202529275,潘宁文,25_3,65
202571695,曹涛,25_2,76
202587934,冯磊瑞,25_5,71
202598535,任英,25_1,68
202560651,彭丽,25_6,60
202582311,黄翔志,25_3,83
202534691,苏勇,25_8,63
202584938,罗娟,25_5,41
202519455,魏琪鑫,25_4,68
202518867,刘宁翔,25_4,34
202565640,邓志辉,25_8,57
202506180,谢佳杰,25_4,91
202557926,高英丽,25_6,74
202503125,沈敏,25_1,69
202547445,于强洋,25_1,79
202545589,冯洋,25_3,91
202529787,谢敏鹏,25_7,66
202528824,田勇丽,25_3,64
202513501,周嘉,25_3,84
202546850,黄晨,25_3,90
202522557,李勇丽,25_4,84
202512333,肖敏华,25_7,100
202567195,陈强,25_5,100
202521576,赵斌杰,25_4,64
202597540,许静洁,25_5,100
202501310,孙磊超,25_1,76
202541777,吴志超,25_7,80
202570295,蒋瑞琪,25_4,76
202523473,孙洋涛,25_5,55
202501218,赵琪,25_4,87
202513502,周婷,25_6,84
202548762,苏鹏晨,25_1,71
202597130,丁雅佳,25_1,90
202545007,陈诗雅,25_5,61
202589350,张强鹏,25_8,63
202547168,周佳俊,25_8,89
202594259,肖华,25_3,86
202534521,于宁诚,25_5,88
202506316,沈豪丽,25_4,100
202519126,刘倩琪,25_4,31
202541334,韩燕,25_2,48
202550063,宋晓婷,25_1,69
202569367,杨玲宁,25_4,84
202543249,谢燕华,25_2,100
202548149,袁俊洁,25_6,84
202584242,杨宁,25_4,83
202535576,张秀宇,25_1,75
202528794,谢秀,25_4,89
202528547,郭秀丽,25_7,82
202583446,梁嘉磊,25_3,75
202575829,马晨静,25_8,61
202562562,曹曦敏,25_7,82
202569335,程晓,25_8,100
202598759,叶洁鹏,25_2,59
202552776,罗涛,25_4,76
202578682,吕斌,25_2,72
202587015,余丽,25_3,100
202585696,杨磊,25_1,100
202582250,王宇,25_1,10
202522563,黄鑫,25_8,50
202549095,刘琪欣,25_6,82
202558834,刘杰,25_2,72
202551861,曹丽丽,25_1,82
202579672,曾静,25_7,77
202500251,徐燕豪,25_7,73
202515282,袁鹏辉,25_5,81
202549949,宋宁明,25_1,97
202513903,曹芳,25_6,86
202558054,叶玲宁,25_5,84
202554547,冯昊华,25_6,84
202551016,郑敏,25_3,78
202530314,陈嘉志,25_8,70
202536839,程英,25_7,78
202524781,曾杰俊,25_6,100
202537636,蒋英,25_4,100
202579575,谢强,25_4,73
202559462,吴翔敏,25_1,79
202555825,魏俊宇,25_4,100
202528714,谢鑫,25_3,6
202539630,蒋慧淑,25_8,99
202570201,潘翔昊,25_4,73
202523837,任娟,25_2,78
202539299,郑佳,25_3,76
202571969,任佳,25_2,72
202561103,宋诚文,25_7,75
202588287,张秀曦,25_6,46
202539915,吴强,25_4,63
202501988,余敏宁,25_3,66
202586597,吕磊静,25_8,86
202539265,马宁翔,25_2,96
202510710,潘诗,25_2,77
202539817,李翔勇,25_6,77
202574257,高军,25_2,80
202502438,赵宁娟,25_3,53
202536459,谢玲淑,25_8,96
202509166,何洁,25_1,100
202563283,孙佳,25_8,100
202528719,冯翔,25_8,61
202504439,董慧文,25_4,100
202581867,袁军燕,25_7,88
202510441,潘丽峰,25_8,100
202546590,马淑秀,25_7,79
202540863,冯燕宁,25_1,92
202522552,胡佳,25_3,80
202526722,李宁,25_5,71
202597528,彭明,25_4,79
202503397,曾强,25_3,98
202540378,任静,25_2,93
202545517,袁宁静,25_5,15
202572897,徐洋,25_5,100
202523270,苏勇晨,25_3,92
202549878,田磊,25_7,72
202547999,沈伟佳,25_3,76
202515779,高豪,25_5,95
202544409,胡豪,25_2,89
202595934,王勇洁,25_3,98
202500808,吴诚军,25_1,95
202540650,吴峰,25_4,74
202555265,梁淑丽,25_7,89
202596451,郭雅洋,25_8,87
202570157,许宁晨,25_2,100
202537643,高洁文,25_1,61
202528424,胡明,25_6,69
202520186,吴秀丽,25_8,83
202522498,曹婷,25_7,29
202545173,丁志,25_1,95
202597965,程倩嘉,25_5,77
202508192,朱鑫,25_8,93
202595788,孙芳杰,25_1,100
202596243,孙丽磊,25_5,57
202514437,孙斌诗,25_6,65
202562541,丁婷明,25_7,57
202591837,高佳晓,25_6,100
202523414,黄翔明,25_5,100
202593589,王鹏晓,25_3,91
202556840,杨洁淑,25_1,100
202557833,梁雅宁,25_8,86
202596052,高婷磊,25_6,80
202598811,袁晨,25_1,100
202536539,魏宇嘉,25_6,85
202518445,黄军,25_3,79
202593801,于诗燕,25_8,71
202580657,袁洋,25_3,63
202508223,潘豪伟,25_5,97
202566433,梁宇豪,25_2,69
202582743,谢丽勇,25_4,85
202530155,张华,25_8,54
202517046,杜晓,25_8,79
202523167,肖宇,25_6,93
202509982,胡辉倩,25_6,100
202523019,任洁,25_4,75
202550766,余磊斌,25_6,93
202534310,吴超芳,25_2,65
202573599,袁斌明,25_7,75
202513484,邓伟婷,25_7,53
202525257,孙佳琪,25_4,72
202541466,冯峰,25_6,90
202541918,邓欣磊,25_2,85
202529568,肖豪,25_6,100
202548436,任伟,25_8,100
202521850,周昊,25_5,92
202577466,郭超磊,25_6,62
202542522,罗淑丽,25_8,83
202545636,彭宁志,25_3,95
202589801,罗豪勇,25_8,94
202547978,孙豪峰,25_6,71
202532019,姚丽,25_2,69
202512456,沈娟静,25_4,79
202576808,蒋峰鑫,25_8,71
202596565,张芳杰,25_8,91
202549488,彭晨,25_5,39
202511773,黄淑宁,25_4,98
202507155,梁燕磊,25_6,73
202523568,赵宁婷,25_7,96
202598829,叶峰芳,25_5,70
202501550,罗婷欣,25_4,46
202575031,梁磊,25_8,100
202500971,袁曦,25_1,100
202503911,余晓,25_6,79
202509121,周瑞淑,25_8,100
202589519,曹昊欣,25_7,100
202581170,郑明辉,25_7,68
202566372,张倩,25_1,55
202536112,朱强慧,25_8,78
202590834,宋琪志,25_6,90
202592370,高志,25_2,86
202571313,曾晓,25_6,100
202573657,姚翔豪,25_4,75
202512019,胡英,25_2,77
202560774,宋佳晓,25_7,100
202540879,潘鑫,25_4,59
202536136,宋洋俊,25_1,81
202517966,郑伟豪,25_4,90
202586115,冯志雅,25_7,91
202515265,程豪洋,25_6,86
202574615,胡宇,25_1,6
202593427,宋斌,25_8,62
202544039,梁伟慧,25_2,73
202538222,陈军娟,25_3,77
202564157,曾华,25_5,93
202508767,邓勇文,25_2,98
202583142,董倩明,25_4,53
202552159,黄瑞志,25_5,90
202565209,韩涛,25_2,100
202550026,苏鹏,25_8,96
202562864,吕丽婷,25_8,84
202550220,郭瑞,25_4,77
202534377,陈涛,25_8,65
202543546,袁俊淑,25_7,55
202582050,韩鑫洁,25_3,82
202591858,张俊佳,25_4,92
202539826,曾瑞倩,25_6,53
202573463,彭淑,25_3,7
202517714,郭丽,25_4,100
202502306,程欣志,25_1,68
202566331,叶瑞文,25_4,100
202525934,陈豪俊,25_4,23
202579302,董婷娟,25_8,69
202521276,宋佳,25_5,98
202559514,杜琪强,25_4,85
202523022,梁伟峰,25_7,72
202522716,李伟,25_5,100
202590237,何伟洋,25_3,86
202588120,邓志,25_4,37
202547111,罗翔燕,25_4,80
202581564,曹斌,25_7,76
202556441,苏倩宁,25_8,100
